Data Medicao;PRECIPITACAO TOTAL, DIARIO (AUT)(mm);TEMPERATURA MAXIMA, DIARIA (AUT)(°C);TEMPERATURA MEDIA, DIARIA (AUT)(°C);TEMPERATURA MINIMA, DIARIA (AUT)(°C);UMIDADE RELATIVA DO AR, MEDIA DIARIA (AUT)(%);VENTO, RAJADA MAXIMA DIARIA (AUT)(m/s);VENTO, VELOCIDADE MEDIA DIARIA (AUT)(m/s);
2019-02-14;null;null;null;null;null;null;null;
2019-02-15;null;null;null;null;null;15.6;null;
2019-02-16;null;21.5;17.3;15.3;87.2;12.3;5.1;
2019-02-17;0;21.7;18;15;86.5;11.2;4.5;
2019-02-18;1.4;25.6;19.4;16.7;85.4;13.3;4.1;
2019-02-19;3.8;24.3;19.8;15.4;79;11.8;2.5;
2019-02-20;0;26.5;20.9;16.4;77.7;15.3;1.8;
2019-02-21;2.6;25.7;19.9;16.4;82.9;9.1;3.3;
2019-02-22;0;27.7;20.7;15.8;81.2;11.8;2.8;
2019-02-23;0;28.5;23.6;19;74;8.9;1.9;
2019-02-24;0;29.1;23.8;19.4;72.8;12.7;3.1;
2019-02-25;3.8;20.4;17;16.2;93;9.1;2.2;
2019-02-26;23.6;21.4;16.7;13.7;87.6;10.8;2.2;
2019-02-27;0;24.4;18.7;14.4;82;7;2.5;
2019-02-28;0;23.9;18.9;15.2;75.6;7.2;1.8;
2019-03-01;0;26.1;19.3;12.1;70.9;10.3;2.8;
2019-03-02;0;26.6;21.3;16.3;68.1;10.4;3.4;
2019-03-03;0;28.5;21.7;15.2;53.4;6.3;2.1;
2019-03-04;0;28.5;21.9;16.9;70.7;12.5;5;
2019-03-05;0;28.9;21.9;18.4;79.6;11.4;3.2;
2019-03-06;0;27.7;20.6;17.9;85;13.9;3.5;
2019-03-07;21.4;24.5;20.3;17.7;84.6;9.9;3;
2019-03-08;.2;25.9;20.9;17.8;84;10.8;2.5;
2019-03-09;33.2;21.4;18.8;17.4;93.7;15.4;1.8;
2019-03-10;9.8;22.7;18.4;16.1;88.7;8.7;3.7;
2019-03-11;.2;18.8;16.5;15.2;91.5;11.9;5.5;
2019-03-12;32.2;24.4;17.6;14.7;90;11.9;3.9;
2019-03-13;13.4;25;19.2;14.1;87.7;7.9;2;
2019-03-14;0;23;19.8;17.9;89.5;7;1.7;
2019-03-15;0;26.8;19.9;12.4;94.2;5.4;1.6;
2019-03-16;0;25.7;20.4;16.7;null;10.8;4.6;
2019-03-17;1;22.6;18.6;17;90.4;12.4;4.6;
2019-03-18;15.6;20.1;18.9;18.5;null;8.1;2.4;
2019-03-19;28;23.6;17.7;12.8;87.3;4.9;1.3;
2019-03-20;0;20.3;16.8;13.7;89.2;8.6;2.1;
2019-03-21;0;19.3;14.6;11.2;84.2;7.6;2.9;
2019-03-22;0;19.9;15.3;12.5;89.2;11.5;4.6;
2019-03-23;19;24;18.2;14.2;77.5;8.3;2.7;
2019-03-24;0;25.4;18.7;11.1;73.5;10;2.8;
2019-03-25;0;24.6;19.4;14.7;73.6;9;2.1;
2019-03-26;0;24.8;18.4;12.7;72.6;10.9;1.9;
2019-03-27;0;22.4;17.3;15.6;87.8;10.7;4.3;
2019-03-28;0;23.8;17.7;14.9;81;12.9;5.8;
2019-03-29;0;25.4;18.3;14;75.4;11.4;5;
2019-03-30;0;26.4;19.4;13.5;73.3;9.5;2.9;
2019-03-31;0;26.2;20.1;14.9;77.1;6.1;2.2;
2019-04-01;.2;25.3;19.1;14.4;85.8;7.5;3;
2019-04-02;0;27;19.7;16.6;80.8;7.7;3;
2019-04-03;10.8;26.6;20.7;16.1;80.2;6.7;1.5;
2019-04-04;0;26.9;20.9;17;85.8;8.2;2.1;
2019-04-05;6.4;21.8;19.7;18.3;91.2;8.2;2.4;
2019-04-06;7.2;19.2;16.4;14;95.8;9.7;3.7;
2019-04-07;10.2;20;17.5;15.1;95.3;8;2.4;
2019-04-08;3.6;23.4;18.3;15.3;86.3;7.4;2.6;
2019-04-09;0;22.5;16.3;11.8;86.2;8.9;3.8;
2019-04-10;0;24.4;17;11.3;73.4;10.3;4.4;
2019-04-11;0;24.8;17.7;11.6;73.3;7.9;2.9;
2019-04-12;0;25.5;20.1;14.4;66;8.4;1.9;
2019-04-13;0;26.8;20.2;14.6;68.3;8.8;2.8;
2019-04-14;0;27.8;20.7;14.9;72.7;10;2.6;
2019-04-15;0;27.9;21.2;15.9;74.9;8.3;3.4;
2019-04-16;19.2;23.2;19;15.9;82.5;12.2;3.9;
2019-04-17;0;21.6;16.6;13.4;77.5;7.2;1.9;
2019-04-18;0;22.9;16.3;10.9;75.5;7;2.2;
2019-04-19;0;24.9;18.7;13.4;65.3;10.5;2.8;
2019-04-20;0;22.4;18.1;14.9;80.8;10.5;1.8;
2019-04-21;18.8;22.7;17.2;13;88.8;5.7;2;
2019-04-22;0;23.7;18.1;15.6;88.9;8.9;3.2;
2019-04-23;0;21.8;17.8;15.7;87.4;12.3;5.1;
2019-04-24;0;25.2;19.1;15.2;86.6;11.1;4.4;
2019-04-25;0;24.9;20.1;17.3;83.8;9.5;3.2;
2019-04-26;0;23.2;19.8;17.2;89.8;7;2.5;
2019-04-27;3.8;21.6;19;18.8;94.2;12.5;2.3;
2019-04-28;48.8;17.6;16;15.3;97;8.3;2.4;
2019-04-29;5.2;22.3;15.8;11.4;82.3;5.4;1.5;
2019-04-30;0;21;14.8;10;85.8;6.8;3;
2019-05-01;0;19.8;16.5;12.8;91.5;4.6;1.6;
2019-05-02;1.8;23.3;17.4;12.6;89.8;5.7;1.4;
2019-05-03;.2;25.7;19.4;13.1;85.3;8.4;2.1;
2019-05-04;0;26.7;21.1;16.9;83.9;11.6;1.8;
2019-05-05;23.4;27.2;21.4;17.5;82.5;11.7;3.5;
2019-05-06;62.4;24.3;18.5;16.5;92.5;13.4;2;
2019-05-07;17.4;21.9;18.1;14.7;89.8;5.8;2.1;
2019-05-08;0;20.9;17.9;15.5;87;8.9;4.6;
2019-05-09;0;19.9;16.7;15.2;89.3;12.1;4.2;
2019-05-10;0;19.6;16.8;15.6;87.8;11.9;4.3;
2019-05-11;31.2;19.2;16.4;15.8;95.8;10.5;2.4;
2019-05-12;59.4;20;16.9;14.6;94.9;9.9;1.7;
2019-05-13;4.4;21;16.6;15.7;93.4;10.9;4;
2019-05-14;16.2;14.2;11.8;9.7;95;7.1;1.9;
2019-05-15;1;18.3;12;7.2;86.4;12.6;3.4;
2019-05-16;0;18.6;13.5;10.3;83.5;11.4;4.3;
2019-05-17;0;17.8;13;10.1;82;16;7.2;
2019-05-18;0;17.7;14.5;11.7;85.6;12.7;5.6;
2019-05-19;0;22;15.9;11.3;83.4;8;3.2;
2019-05-20;0;23.2;16.2;10.5;83.2;5.9;1.7;
2019-05-21;0;19.9;15.6;11.8;88.5;6.9;2.1;
2019-05-22;11.2;16;15.2;14.6;96;6.1;1.7;
2019-05-23;19.8;16.9;15.3;14.4;94.1;7.6;1.7;
2019-05-24;1.8;14.4;12.7;12.7;95;13.8;3.5;
2019-05-25;12.2;14.2;10.7;8.7;90.8;8.6;1.3;
2019-05-26;.4;19.6;12.9;6;81.2;9;3.2;
2019-05-27;0;22.3;16.2;11.7;80.8;6.9;2.1;
2019-05-28;40.4;19.9;16.9;14.6;91;11.4;3.3;
2019-05-29;3.6;20.8;16.3;13.7;84.9;7;2.4;
2019-05-30;54.6;16.4;15.3;13.4;96.3;13.8;3.3;
2019-05-31;43;20.3;17.3;14.7;93.7;6.1;1.5;
2019-06-01;0;21.5;16.4;13.6;89.2;6.3;2.5;
2019-06-02;0;19.2;15.1;12.7;90.2;8;3.2;
2019-06-03;0;18.4;14.1;12.5;88.3;8.1;2.2;
2019-06-04;.2;16;10.9;5;75.2;7.9;3.2;
2019-06-05;0;17.3;10.6;4.9;76.7;11.8;5.3;
2019-06-06;0;18.7;13.1;9.6;80.3;12.6;6.1;
2019-06-07;0;20.9;14.8;9.7;73.7;8.9;3.1;
2019-06-08;0;21.8;16;10.4;70;5.6;1.7;
2019-06-09;0;23.1;16.7;11.9;72;9.2;3.5;
2019-06-10;0;20.2;14.9;10.2;74.5;13.7;5.3;
2019-06-11;0;20.7;14.1;9.6;82.8;6.6;3.3;
2019-06-12;0;24.2;17.3;10.1;74.4;9.4;2.9;
2019-06-13;0;24.3;18.4;12.5;72.8;7.4;2.1;
2019-06-14;0;25.2;18.9;12;72;8;2.5;
2019-06-15;0;23.4;18.4;13.6;75.6;8;2.5;
2019-06-16;0;24.3;19.5;13.5;64.5;6.7;2.3;
2019-06-17;0;22.3;16.1;10.4;75;7.6;3.5;
2019-06-18;0;20.4;15.3;10.3;78.7;8.2;3.1;
2019-06-19;0;18.6;15.3;13.2;82.1;9.8;2.5;
2019-06-20;0;19.1;12.1;6.7;71.7;5.1;1.7;
2019-06-21;0;21.1;12.7;5.7;81.9;7.3;3.4;
2019-06-22;0;21.8;14.3;8;84.5;5.8;2;
2019-06-23;0;21.4;16.4;11.3;75.2;8;2.1;
2019-06-24;0;22.4;16.6;11.1;71.5;6;1.7;
2019-06-25;0;22.7;17.4;12.6;65.5;17.2;3.9;
2019-06-26;23;18;9.4;7.5;95.7;11.2;1.7;
2019-06-27;.2;19.9;13.7;6.4;88.7;9;3.3;
2019-06-28;1.6;22.1;15.5;11;88.7;10.9;4.1;
2019-06-29;0;25;20.5;13.6;71.4;11.5;3.3;
2019-06-30;0;23.4;19.2;15.8;72;13.6;2.5;
2019-07-01;16.2;19.6;13.9;13.1;90;7.4;1.7;
2019-07-02;27;13.4;11.4;9.8;97.3;6.5;1.5;
2019-07-03;15.8;14;11.2;10.2;91;8.1;2.4;
2019-07-04;.2;11.8;6.5;1;69.7;6.3;1.4;
2019-07-05;0;6.3;3.3;1.2;70.5;12.5;3;
2019-07-06;0;7.6;1;-3.1;72.1;9.4;2.1;
2019-07-07;0;14.1;4.4;-3;58.7;8.1;2.8;
2019-07-08;0;18.5;8.1;-.3;68.4;9.1;3.1;
2019-07-09;0;22.1;10.8;2.2;71.2;7.1;3;
2019-07-10;0;19.7;11.1;2.4;75.7;8.2;2.8;
2019-07-11;0;21.7;15.2;4.5;61.3;6.1;2.2;
2019-07-12;0;23.4;17;9.9;59.8;8.5;2.8;
2019-07-13;0;23.7;18.1;14.3;59.2;9.7;1.8;
2019-07-14;0;18.8;15.2;13.9;81.6;9.9;2.1;
2019-07-15;25;16.1;13.7;12.9;93.3;7;1.7;
2019-07-16;0;12.6;7.7;2.9;76.3;7.2;1.7;
2019-07-17;0;16.3;8.5;3.3;75.2;13.5;5.4;
2019-07-18;0;18.2;10.9;6.1;77.9;16.9;6.5;
2019-07-19;.8;17.9;13;9.7;82.3;10.5;4;
2019-07-20;0;22.1;14.4;9.8;81.5;7.7;3.4;
2019-07-21;.2;21;15.3;10.3;75.3;12.5;5;
2019-07-22;0;24.4;18.1;11;65;13.1;3.9;
2019-07-23;0;23.4;18.7;14.8;70.7;11.1;3.3;
2019-07-24;0;23.7;18.7;15.3;69.7;7.4;2.4;
2019-07-25;0;21.3;16.9;14.1;83.5;11.6;4.9;
2019-07-26;0;20.6;16.1;14.2;86.2;10.9;4.4;
2019-07-27;5.8;14.7;10.4;9.2;95.8;6.3;1.2;
2019-07-28;.2;19.3;12.9;8.2;87.1;10.3;3.9;
2019-07-29;0;20.7;14.7;11.9;83.3;8.7;4.1;
2019-07-30;2.8;19.1;14.5;11.5;84.5;9.5;2.7;
2019-07-31;.2;21.8;16.1;12.3;75.2;4.6;1.4;
2019-08-01;0;24;16.9;9.1;64;null;null;
2019-08-02;2.8;19.5;8.8;6.2;84.3;null;null;
2019-08-03;3.4;9.5;4.4;1.1;80.4;null;null;
2019-08-04;0;12.5;5.4;-.6;67.8;null;null;
2019-08-05;0;17.6;8.7;1.7;71.5;null;null;
2019-08-06;0;20.2;13.3;6.9;81.2;null;null;
2019-08-07;0;24.3;18.1;11.8;70.3;9.5;null;
2019-08-08;0;23.5;18.1;11.9;72.4;null;null;
2019-08-09;0;26;19.6;12.7;62.8;10.4;null;
2019-08-10;0;21.1;15.5;14.7;71.8;10.6;null;
2019-08-11;0;23.7;null;2.8;82;8.6;null;
2019-08-12;null;null;null;null;null;17.1;null;
2019-08-13;0;21;10.8;6.5;70.4;8.6;2.3;
2019-08-14;0;13.4;5;-2.6;63.7;11.7;4.6;
2019-08-15;0;19.3;10.7;1.1;67.9;14.8;6.8;
2019-08-16;0;25.7;14.7;7.4;73.5;6.6;3;
2019-08-17;0;26.4;19;10.2;52.7;12.3;4.3;
2019-08-18;0;20.8;16.7;17;72.1;13.4;2.2;
2019-08-19;5;12.5;9.4;5.7;92.3;8.8;4.5;
2019-08-20;0;15.8;10.4;6.9;84.3;8.8;3.8;
2019-08-21;0;18.8;11.4;7.3;77.8;7.5;2.9;
2019-08-22;0;17.5;11.4;7.1;78.9;11.6;5.3;
2019-08-23;.2;16.6;10.8;6.9;87.5;7.7;2;
2019-08-24;0;19.1;11.2;5;80.9;10;4.5;
2019-08-25;.2;19.3;11.7;7.3;72.5;15.9;7;
2019-08-26;0;21.8;12.9;6.5;71;15.5;5.6;
2019-08-27;0;23.4;15.7;10.1;81.1;10.7;4.7;
2019-08-28;0;23;16.1;12.8;80.4;11.6;5.6;
2019-08-29;0;25.9;17.1;11.2;73.1;8.5;3.9;
2019-08-30;0;28.1;21.1;14;56.3;10.2;3.1;
2019-08-31;.2;21.7;15.6;13.2;83.8;10.3;2.5;
2019-09-01;15.2;14.8;12.6;10.7;91;5.4;1.6;
2019-09-02;0;19.5;12.7;6.5;76.1;7.1;2.2;
2019-09-03;0;19.8;13.7;10.5;71.7;6.9;2.5;
2019-09-04;0;19.2;13;7.9;54.8;7.1;2.4;
2019-09-05;0;13.7;10.3;8.3;82.6;12.3;5.5;
2019-09-06;3.2;17.1;10.8;7.6;88.1;14.3;7.4;
2019-09-07;1.2;26.9;19;8.8;71.5;14.7;4.9;
2019-09-08;0;30.2;22.9;15.3;61.9;11.8;4;
2019-09-09;0;32.3;25.9;18.6;46.6;15.8;5.1;
2019-09-10;0;30.6;25.5;20.8;44.4;12.3;4;
2019-09-11;0;30.6;22.9;16.1;60.1;12.5;3.5;
2019-09-12;0;25.4;17.7;16.7;85;9;2.3;
2019-09-13;3.8;15.8;13.3;11.8;94.1;12.1;4;
2019-09-14;0;21;15.2;12.5;84.4;12.5;6.6;
2019-09-15;0;31.7;20.6;13.5;70.1;11.1;5.1;
2019-09-16;0;32.5;26.4;18.1;45.8;14.3;5.2;
2019-09-17;0;30;23.8;17.9;52.4;8.7;1.9;
2019-09-18;1.4;21.8;16;14.6;92.7;8.1;2;
2019-09-19;7.6;23;16.7;13.3;89.5;7.7;2.8;
2019-09-20;37.4;17.2;15.4;15.3;94.2;8;2.7;
2019-09-21;0;17.5;13.1;11.2;87;8.4;3.7;
2019-09-22;0;20.3;13.8;8.7;67.1;9.8;3.8;
2019-09-23;0;18.3;11.6;6.7;65.8;14.5;6.7;
2019-09-24;0;20.4;12.9;7.9;71.4;12.2;4.1;
2019-09-25;0;21.4;14.6;9.6;74.9;11.6;4.4;
2019-09-26;0;22.9;16.1;9.4;70.5;8.7;2.7;
2019-09-27;0;23.1;16.2;9.4;55.6;7.9;3.5;
2019-09-28;0;23.2;16.1;11.7;71.5;12.8;5.3;
2019-09-29;0;26.1;17.9;10.3;67.6;8.9;2.9;
2019-09-30;0;27.1;19.1;13.6;69.6;10.9;5.3;
2019-10-01;0;31.6;21.4;13.9;63.3;11.7;4.8;
2019-10-02;0;32.4;24.7;18.3;50.4;14.7;4.5;
2019-10-03;11.6;20.5;17.9;16.2;90.7;13.4;4.5;
2019-10-04;0;23.8;18;14.6;81;11.5;4.4;
2019-10-05;1.2;20.5;17;15.4;89.2;13.4;3.1;
2019-10-06;36;15.2;13.3;11.6;95.4;10.8;3.7;
2019-10-07;.8;22;15.8;11.9;82.9;8.7;3.5;
2019-10-08;0;24.6;17;10.3;74.3;6.1;1.9;
2019-10-09;0;26.2;19;11.7;62.1;8.7;2.7;
2019-10-10;0;28.3;20.3;14.1;62.9;9.5;4;
2019-10-11;0;30.4;21.4;12.9;61.8;9.1;3.3;
2019-10-12;0;32.3;24.3;15;57;11;3;
2019-10-13;0;32.6;25.5;19.8;51.5;13.9;3.1;
2019-10-14;0;29;20.6;17.5;77;16.1;4.1;
2019-10-15;11.4;16.1;14;13.1;88.4;15.6;7.3;
2019-10-16;0;21.7;15.5;12.5;85.9;12.5;6;
2019-10-17;0;25.7;18.6;14.5;84.3;11.7;5;
2019-10-18;36.4;26;18.6;15.6;91.1;14.5;2.9;
2019-10-19;9.8;24.3;18.7;16.3;80.3;8;2;
2019-10-20;0;24.3;16.7;9.2;69.3;9.7;4.5;
2019-10-21;35;19;14.9;11.6;91.2;13.5;4.5;
2019-10-22;1.8;21.1;15.3;11.9;78.1;7.2;1.6;
2019-10-23;0;24.4;17.2;11.3;72.5;10.4;3.5;
2019-10-24;0;25.8;19.2;13.7;69.5;11.8;3.5;
2019-10-25;0;27.2;19.8;11.9;61.1;10.8;3.3;
2019-10-26;0;28.2;20.5;15.2;72.6;12.7;4.8;
2019-10-27;0;29.7;19.5;17.4;83.3;14.8;4.7;
2019-10-28;37.2;24.5;18.6;14.6;81.6;13.1;2.7;
2019-10-29;0;30;22;16.3;69.4;15.1;3.1;
2019-10-30;0;31;22.9;17;71;10.9;4.4;
2019-10-31;26.4;22.1;18.1;15;88.1;24.2;4.2;
2019-11-01;6.8;26.3;20.3;16;79.4;10.6;5.4;
2019-11-02;0;29.4;22;17;71.8;12.8;4.4;
2019-11-03;0;28.6;21.6;17.4;80.9;11.3;2.6;
2019-11-04;9.4;26.3;20.8;17.6;87.4;11.2;3.7;
2019-11-05;66;20.8;18.2;16;94.2;11.2;2.8;
2019-11-06;1.4;24.1;18;14.7;86;9.1;4.5;
2019-11-07;0;22.8;16.9;15.2;88.4;12;3.9;
2019-11-08;16.2;26.8;19;13.1;80.6;8.5;3.2;
2019-11-09;0;27.3;20.4;16;77.6;17.3;4.9;
2019-11-10;35;25.6;19.3;15.2;81.6;17.4;2.3;
2019-11-11;2;25.6;19.2;15.8;83.4;13.9;5.6;
2019-11-12;0;25.3;18.4;14.2;76.7;15.6;6.7;
2019-11-13;0;23.3;18;13.9;79.7;14.2;6.2;
2019-11-14;1;20;17.9;17.1;92.5;11.9;3.4;
2019-11-15;26.2;22.9;17.5;13.2;76.6;8;2;
2019-11-16;0;25.2;18;10.6;60.6;6.9;2.9;
2019-11-17;0;26.3;19.5;13.3;62.3;9.5;3.9;
2019-11-18;0;28;20.5;13.8;61.2;12.5;4.7;
2019-11-19;0;28.8;20.5;12.5;58.4;11.4;4.3;
2019-11-20;0;29.1;21.9;15.6;63.2;10;4.2;
2019-11-21;0;30.2;22.3;15.1;63.2;11.8;4.5;
2019-11-22;0;30.7;22.7;15.6;66.9;10.5;4;
2019-11-23;0;25.6;20.1;17.1;73.4;13.5;3.4;
2019-11-24;0;26.2;16.7;10.7;64.2;14.4;6.2;
2019-11-25;0;26.6;17.5;10.2;63;13.4;5.5;
2019-11-26;0;23;16.9;14.2;81.9;13;6.2;
2019-11-27;47.4;21.5;18.1;15.4;93.6;9.7;2.7;
2019-11-28;16.2;25.7;18.1;12.5;73.7;10.6;4.1;
2019-11-29;0;27.4;19.4;12.6;69.8;12.6;4.5;
2019-11-30;0;28.9;22;14.8;68.3;6.6;2.2;
2019-12-01;0;27.9;22.1;18.3;70.4;8.8;1.7;
2019-12-02;0;25.1;18.7;12.2;61.8;8.4;3.3;
2019-12-03;0;26.4;18.6;13.8;70.6;10.4;4.9;
2019-12-04;1.4;22.9;18.3;15.3;86;9.3;4.1;
2019-12-05;6.4;22.3;19;17.8;87.9;9.1;1.9;
2019-12-06;9;23;18;12.5;60.3;10.8;2;
2019-12-07;0;26.1;19.5;10.3;46.6;6.6;2.1;
2019-12-08;0;28.2;18.6;13.8;71.6;11.5;3.9;
2019-12-09;16.4;23.2;18.6;15.8;81.9;8;2.7;
2019-12-10;0;27.7;20.6;14.3;69.3;7.4;2.9;
2019-12-11;0;28.7;20.8;16.6;77.5;18.8;3.8;
2019-12-12;20.8;28;20.5;15;78.1;10.5;2.4;
2019-12-13;0;28.4;21.9;16.6;71.8;8;1.9;
2019-12-14;0;27.9;20.9;16.3;74.8;12.5;5.4;
2019-12-15;0;26.9;21.5;18.8;79.3;15;5.2;
2019-12-16;38;20.4;17.9;16.7;93.3;10.6;2.7;
2019-12-17;20;19.6;17.5;16.5;94.1;7.3;1.9;
2019-12-18;10.6;21;16.4;13.3;85.3;12.4;5.7;
2019-12-19;0;25.4;19.3;14.6;77.8;14.6;5.1;
2019-12-20;0;26.7;20.6;17.1;84.5;10.4;3.5;
2019-12-21;4.8;23.5;19.9;17.6;81;12.7;3.6;
2019-12-22;.6;22.7;18;14.2;74.5;9.5;2.6;
2019-12-23;0;24.7;18;11.6;58.3;7.5;2;
2019-12-24;0;28.5;20.6;11.2;62.7;10;2.9;
2019-12-25;0;29;22.6;16.9;63.3;10.3;3;
2019-12-26;0;30.6;24.1;15.8;58.6;9;2.4;
2019-12-27;0;31.3;24.5;17.4;61.9;9.8;3.6;
2019-12-28;0;32.4;24.2;16.6;59;10.7;3.9;
2019-12-29;0;31.9;24.3;18.3;68;9.3;3.3;
2019-12-30;0;31.9;24.9;19.3;64.1;7.7;3.4;
2019-12-31;0;31.9;23.5;18.1;71.5;8.6;2.9;
2020-01-01;2;27.2;21.8;18.4;84.9;7.6;1.8;
2020-01-02;49.8;26;22;19.6;80.3;10.2;2.8;
2020-01-03;0;25.2;19.5;14.7;72.9;9.5;3.8;
2020-01-04;0;25.7;19;15.4;80.3;14.5;4.3;
2020-01-05;40.2;26.3;19.3;13.5;77.3;9.4;3.1;
2020-01-06;0;28.5;21.3;14.1;73.3;7.8;2.9;
2020-01-07;0;26.6;22.3;19.6;75.3;6.4;1.7;
2020-01-08;0;29.7;23.4;17.5;72.6;5.9;2;
2020-01-09;0;30.9;23.9;18.2;76.4;9.1;2.7;
2020-01-10;0;28.3;23.9;20.6;79.9;9.4;2.7;
2020-01-11;21.6;26.4;22.1;18.9;85.1;8.1;2.1;
2020-01-12;0;29.8;23.3;18.8;75.5;7.1;2.3;
2020-01-13;0;28.6;22.8;17.7;66.8;9.2;3.8;
2020-01-14;0;28.1;21.1;14.2;63.6;9.1;4.1;
2020-01-15;0;27.7;21.7;16.4;79.5;9.6;3.2;
2020-01-16;16.8;23.7;20.1;18.5;94.3;12.1;2;
2020-01-17;16.8;19.7;16.8;14.2;90.8;9.4;4.7;
2020-01-18;0;25.6;18.5;14.1;81;10.7;4.5;
2020-01-19;0;26.7;20.3;15.6;75.4;8.5;3.5;
2020-01-20;0;28;21;15.2;73.3;8.8;3;
2020-01-21;0;24.6;19.8;17.5;84.8;10.1;3.8;
2020-01-22;7.6;18.3;16.3;14.9;91.8;13;5.4;
2020-01-23;5.4;21.5;17.3;14.5;84.7;13.6;5.2;
2020-01-24;0;25.3;18;11.7;78.3;8.9;2.8;
2020-01-25;.6;26.3;19.7;13.2;70.3;7.7;2.2;
2020-01-26;0;27.7;22;17.6;62;7.3;1.8;
2020-01-27;0;27.6;22.3;14.9;64.2;7.3;2;
2020-01-28;0;28.6;20.3;15.7;82.2;10.1;3.7;
2020-01-29;1;21.8;19.2;18.1;88;10.9;3.3;
2020-01-30;28.6;22.6;19.5;16.9;90.4;10.8;2.1;
2020-01-31;1.2;25.3;20;16.3;83.7;9.6;2.2;
2020-02-01;0;26.5;21;15;70.7;8.2;2.1;
2020-02-02;0;24.5;20.2;16.2;85.3;15.2;3.4;
2020-02-03;1.6;25.9;19.8;16.1;86.5;15.5;3.7;
2020-02-04;1.4;25.1;19.7;15.3;79.7;11.9;5.5;
2020-02-05;0;25.8;20.5;17.2;81.3;13.3;5.5;
2020-02-06;0;29.4;21.5;17.7;79;15.6;4.1;
2020-02-07;8.6;26.6;21.4;18.1;82.2;12.8;5.1;
2020-02-08;0;28;21.9;18.1;81;11;3.8;
2020-02-09;.4;26;21.8;19.7;83.1;10.5;2.2;
2020-02-10;11;22;17.7;15.3;86.3;10.3;4.1;
2020-02-11;0;24.3;18.2;12.9;76.5;11.5;4.4;
2020-02-12;0;24.4;18.4;13.3;73.8;11.4;4.6;
2020-02-13;0;27.2;19.3;13.6;71.6;13.4;4.5;
2020-02-14;0;27.4;20.6;14.2;64.8;11.9;3.3;
2020-02-15;0;27.3;21.2;16.4;69.4;10.2;2.3;
2020-02-16;.2;28.7;22.4;18.5;76.3;7.6;2.2;
2020-02-17;0;30.2;23;19.5;78.1;11.5;3.1;
2020-02-18;.4;29.7;23.7;18.6;75.2;10.7;3.8;
2020-02-19;2.2;28.6;22.7;19;78.2;8.5;1.9;
2020-02-20;0;29.7;23.2;17.5;62.1;8.5;1.9;
2020-02-21;0;23.8;19.2;15.2;70.1;9.2;2.3;
2020-02-22;0;22.4;15;8;58.4;9.5;2.3;
2020-02-23;0;25.5;16.9;10.4;66.2;12.2;4.4;
2020-02-24;0;27.9;19.6;14.5;72.8;10.3;3.9;
2020-02-25;21.4;21.7;18.4;18;93.3;13.6;4.5;
2020-02-26;97.2;21.6;17.2;15.9;88.4;11.6;3.3;
2020-02-27;0;22.4;15.5;8.5;69.7;8.2;2.6;
2020-02-28;0;25.6;17.4;10;68;7.8;2.7;
2020-02-29;0;25.9;19;12.1;68;9.3;3.2;
2020-03-01;0;23.6;17.9;12.1;72.3;11.2;4.7;
2020-03-02;0;24.2;17.5;11.8;75.3;14.8;5.4;
2020-03-03;0;23.2;17.1;12.8;80.7;12.3;4.4;
2020-03-04;0;25.1;18.2;13.3;76.2;6.8;2.4;
2020-03-05;0;25.5;19.1;14.3;71.9;9.6;3.7;
2020-03-06;0;26.7;19.1;12.2;64.5;10.2;3.9;
2020-03-07;0;26.1;19.1;14.8;72;11.7;3.6;
2020-03-08;0;26.5;20.1;15.4;72.1;9.6;3.3;
2020-03-09;0;28.8;20.9;14;66.2;7.9;2.9;
2020-03-10;0;29.4;22;15.4;57.7;9.9;2.7;
2020-03-11;0;29.3;21.8;15.6;57.2;9.4;4.2;
2020-03-12;0;30.3;22.5;16.1;64.2;11.2;3.4;
2020-03-13;0;32.4;23.8;15.4;55.9;7.5;2.7;
2020-03-14;0;31.9;24.1;16.8;54.5;9.6;3.7;
2020-03-15;0;31.6;23.1;14.9;59.7;7.4;2.6;
2020-03-16;0;31.2;23.3;17.2;67.8;9.2;2.7;
2020-03-17;0;31.4;23.8;18;69.8;8.7;3.2;
2020-03-18;0;23;19.9;20;89;9.4;3.5;
2020-03-19;29.2;25.6;19.9;17.1;86.3;9.9;2.3;
2020-03-20;0;24.7;19;14.3;71.4;6.7;1.7;
2020-03-21;0;26.6;18;10.8;69.1;7.7;3.1;
2020-03-22;0;27.7;19.9;13.2;67;9.5;3.9;
2020-03-23;0;26.8;19.5;14.4;65.8;11;4.6;
2020-03-24;0;25.8;18.6;12.8;69.5;10.8;4.7;
2020-03-25;0;24.7;17.9;12.4;70.6;11.4;4.3;
2020-03-26;0;26.4;18.6;13.1;66.7;9;3.5;
2020-03-27;0;26.2;19;12.9;65;10.7;4.7;
2020-03-28;0;26.4;19.9;15.1;69.7;10.4;3.8;
2020-03-29;.2;28.5;20.5;17.4;80.8;20.8;3.1;
2020-03-30;20;28.6;20;13.7;78.3;7;2.1;
2020-03-31;null;29.1;22.8;17.7;71.5;9.6;2.9;
2020-04-01;0;27.7;21.8;17.8;75.4;10;4.2;
2020-04-02;2.2;22.6;20.1;18.8;86.5;15.6;3.5;
2020-04-03;9.6;18;11.9;7.4;83.6;8.7;2.8;
2020-04-04;0;23;15.1;8.7;67.8;5.7;1.7;
2020-04-05;0;27.4;17.5;8.5;63;7.1;3.1;
2020-04-06;0;19.6;15.9;14.4;87.9;12.6;2.4;
2020-04-07;37.4;20.2;15.4;11.8;81.5;8.1;1.6;
2020-04-08;0;19.6;12.1;5;60.6;6.1;2;
2020-04-09;0;19.2;11.9;5.7;69.2;7.7;3;
2020-04-10;0;19;12.5;6.5;69.9;7.4;2.6;
2020-04-11;0;21.5;14.3;8.3;67.3;8.1;3.5;
2020-04-12;0;23.3;15.8;9.6;67.2;10.2;3.9;
2020-04-13;0;24.7;17.4;12.3;70.8;10.1;4.3;
2020-04-14;34;19.6;15.4;13.9;80.2;13;3.7;
2020-04-15;0;16.8;10.1;4.8;72;10.9;3.2;
2020-04-16;0;18.5;12.1;7.1;59.8;7.7;2;
2020-04-17;0;21.9;13.9;6.3;61;7.6;2.8;
2020-04-18;0;20.8;14.2;8.9;74.6;10.2;4.6;
2020-04-19;0;21;14.6;10.3;76.5;10.4;4.4;
2020-04-20;0;23.4;16.1;11.7;74.7;9.2;3.2;
2020-04-21;0;23.8;16.3;9.4;72.7;6.4;2.1;
2020-04-22;0;24.8;17.8;10;65.2;5.9;1.9;
2020-04-23;0;25;16.7;9.3;69.8;6.4;2.9;
2020-04-24;0;24.4;16.9;11.1;66.6;12.2;5;
2020-04-25;0;28.2;19.5;13.5;64.3;10.1;3.6;
2020-04-26;0;29.1;20.6;11.6;54.3;7.4;2.2;
2020-04-27;0;24;18.3;15.1;71.3;13.1;6.1;
2020-04-28;0;24.3;18.8;15.2;72.3;15.5;5.6;
2020-04-29;0;26.1;20;12.9;64.8;9.6;2.7;
2020-04-30;0;24.7;20.2;16.8;73.2;9;1.9;
2020-05-01;.4;20.3;15.9;12.5;72.8;8.2;2.1;
2020-05-02;.4;18.8;14.3;10.1;74.6;6.7;1.8;
2020-05-03;0;20.4;12.4;4.3;68.6;9.1;3.9;
2020-05-04;0;23.2;14.8;7.5;66.6;8;2.8;
2020-05-05;4.2;18.3;14.2;12;86.3;9.1;2.4;
2020-05-06;8.4;14.3;11.8;9.5;83;9.1;1.9;
2020-05-07;0;15.8;8.4;3.7;78;8.1;1.9;
2020-05-08;0;18.7;11.1;2.9;67.6;8.9;2.7;
2020-05-09;0;21;11.9;2.8;68.9;7.7;3.3;
2020-05-10;0;24.3;14.4;5.6;69.8;6.9;3;
2020-05-11;0;25.8;17.7;9.6;65.4;10.2;2.5;
2020-05-12;0;21.8;16.4;11.9;79;7;2.2;
2020-05-13;45;16.1;15;14;96.8;9.7;2.6;
2020-05-14;9.2;15.6;12.5;10.2;78.9;7.7;1.7;
2020-05-15;0;18.5;10;2.5;82.3;8.8;2.9;
2020-05-16;0;18.8;12.3;6.8;74.9;5.7;1.5;
2020-05-17;.2;23;15.7;6.3;46.9;5.3;1.5;
2020-05-18;0;24.8;16.5;7.2;57.1;7;2.8;
2020-05-19;0;23.9;15.3;8.8;62.3;9.6;5.1;
2020-05-20;0;22;16.1;12.7;80.8;10.4;4.6;
2020-05-21;0;23.7;17.6;12.8;76.2;11.7;4.4;
2020-05-22;57.2;20.2;16.1;14.8;88.8;13.7;3.8;
2020-05-23;4.4;14.8;10.9;9.2;93.3;13.6;4.2;
2020-05-24;3.6;12;10;8.7;95.9;11.2;3.4;
2020-05-25;.4;13.9;9.8;6.5;81.5;15.2;4.4;
2020-05-26;0;12.7;8.8;6.8;81.5;9.3;3;
2020-05-27;0;17.5;10.1;5;75.8;6.4;2;
2020-05-28;0;23.9;13.7;4.3;64.8;6.5;2.5;
2020-05-29;0;22.1;14.4;6.9;58.7;8.3;2.7;
2020-05-30;0;21.5;15.1;6.9;49.8;6.6;1.7;
2020-05-31;0;20.2;15;12.2;65.7;6.4;1.6;
2020-06-01;3;13.9;12.2;12;95.6;5.1;1.4;
2020-06-02;.4;15;9.9;5.8;77.6;7.7;1.4;
2020-06-03;0;19.6;10.5;1.4;78.5;7.6;2.9;
2020-06-04;0;14.5;12.5;8.5;93.2;8.8;4.2;
2020-06-05;14;15.9;13.9;11.9;94.7;12.5;5.2;
2020-06-06;36.8;15.8;10.6;8.6;89.6;10.3;2.9;
2020-06-07;0;15.6;11.7;8.7;85;10.1;2.9;
2020-06-08;0;19.7;13.7;8.3;76.2;4.4;1.3;
2020-06-09;25.6;22.4;17.5;12.1;94.8;13.2;1.6;
2020-06-10;46.8;17.5;16.6;15.3;96.1;9.8;2.8;
2020-06-11;91.4;21.1;18.1;16.1;95.3;8.8;2;
2020-06-12;9.4;24.5;19.2;15.7;81.6;12.4;2.7;
2020-06-13;0;19.2;15.7;15.8;87.8;10.7;2.1;
2020-06-14;18.2;17.4;9.8;1.9;79.5;9.1;3.1;
2020-06-15;0;17.3;12.1;5.5;89.3;10;5;
2020-06-16;.2;18.9;14.2;11.4;86.9;8.7;4.5;
2020-06-17;0;19.1;15;11.9;84;15.6;5.3;
2020-06-18;0;22.1;16.7;12;80.8;13.4;3.8;
2020-06-19;0;23.8;18.5;14.6;75.3;11.3;2;
2020-06-20;0;25;19.2;14.9;71.5;8.7;2.1;
2020-06-21;0;24.4;19.1;13.9;63.6;10.9;3.4;
2020-06-22;0;24.1;18.8;12.3;62.5;6.7;1.8;
2020-06-23;0;22.5;16.1;9.8;75.8;10;3.2;
2020-06-24;0;24.5;18;12.3;62.4;11;3.3;
2020-06-25;0;19.2;15.7;15.3;81.8;13.4;3.9;
2020-06-26;51.6;12.7;8.2;3.8;85.8;8.3;2.4;
2020-06-27;.2;11.2;9.2;4.8;89.5;10.5;4.7;
2020-06-28;0;14;9.7;7.4;87.1;7;2.8;
2020-06-29;0;12.6;9.7;6.6;88.1;15.3;6.1;
2020-06-30;2.6;19;13.2;8.2;88;24.4;6.2;
2020-07-01;30;10.2;7;5.1;86.7;17.9;5.8;
2020-07-02;2.2;8.1;5.8;4.2;89.2;9.1;1.8;
2020-07-03;0;11.3;5.6;1.5;78.2;4.9;1.5;
2020-07-04;0;18.8;8.6;.9;70.7;6.7;2.9;
2020-07-05;0;20.9;15.6;4.3;72.6;12.7;3.4;
2020-07-06;22.6;19.8;15.9;14;93.2;4.8;2.1;
2020-07-07;1.8;20.4;16.9;13.3;86.8;12;4.1;
2020-07-08;24;20.1;12.7;14.1;94.3;13.6;4.1;
2020-07-09;4;10.7;7.2;4.6;85.9;11;2.5;
2020-07-10;.2;20;9.7;.5;67;11.4;4;
2020-07-11;0;18.2;15.5;7.7;82.5;10.4;3.2;
2020-07-12;7.8;20;17.5;14.5;80.6;12.6;4;
2020-07-13;0;18.7;15;13.9;92.1;6.1;1.7;
2020-07-14;3.2;13.6;9.2;2.8;71.5;7.8;1.4;
2020-07-15;0;16.5;7.8;-.6;57.9;8.4;3.6;
2020-07-16;0;19.7;11.2;3.2;78.7;12.3;5.7;
2020-07-17;65.8;21.9;14.7;8.2;90;10.3;2.6;
2020-07-18;0;24;17.7;13.2;81.8;10.1;3.6;
2020-07-19;0;22.4;16.4;11;83.7;9;3.8;
2020-07-20;0;21.9;17.4;13.3;71.8;9.7;2.8;
2020-07-21;0;22.4;17.4;13;64;8.7;2.1;
2020-07-22;0;22.6;17.7;13.3;63.8;8;1.8;
2020-07-23;0;22.8;16.6;9;69.8;10;3.2;
2020-07-24;0;24.3;17;9.6;68.5;9.6;3.1;
2020-07-25;2.6;19.2;10.5;6.5;80;12.8;3.6;
2020-07-26;.6;16.3;8.4;-.6;88.9;13.5;3.8;
2020-07-27;7.4;19.7;15.3;6.5;86.3;7.7;2.7;
2020-07-28;1.2;17.8;13.8;14.1;87.8;9.4;2.6;
2020-07-29;38.4;11.9;7.3;4.2;80.3;8.8;2;
2020-07-30;0;13.6;7.7;3.2;85.8;10.7;5.4;
2020-07-31;0;17.4;10.8;6.6;80.4;12.7;4.9;
2020-08-01;0;21.3;13.6;8.1;79.5;9.5;3.6;
2020-08-02;0;22;14.6;7.6;72;8;2.9;
2020-08-03;0;20.7;13.9;7;69.8;9.8;3.5;
2020-08-04;0;19.9;12.8;4.3;71.3;8;3.9;
2020-08-05;0;20.9;13.4;7;75.3;12.8;4.1;
2020-08-06;0;22.6;14;7.1;74;9.1;3.4;
2020-08-07;0;22;13.4;4.8;75.1;5.2;2.4;
2020-08-08;0;22.3;13.9;5;68.8;6.2;2.9;
2020-08-09;0;22.8;13.9;6.3;72.5;6.6;2.6;
2020-08-10;0;24.7;18.3;10.6;55.7;11.1;3.2;
2020-08-11;0;23.5;18.1;14.6;56.5;7.2;1.8;
2020-08-12;.4;18.6;12.1;10.1;93.4;10.1;4.5;
2020-08-13;35.4;19.1;15.3;10.4;90.8;12.6;2.5;
2020-08-14;.6;21.6;14.6;9.2;91.1;24.3;2.9;
2020-08-15;84.2;20.4;14.9;11.7;86.8;13.6;3.4;
2020-08-16;0;19.7;14.1;8.9;84.8;8;2.7;
2020-08-17;0;17.4;13.8;11.6;92.2;8.6;4.1;
2020-08-18;0;17.1;14.3;11.7;91.3;14.5;4.3;
2020-08-19;55.4;16.7;14.4;12.5;92.3;8.2;2.4;
2020-08-20;3;11.9;7.2;5;80.9;9.8;3.1;
2020-08-21;0;9;3.5;-2.3;67.2;10.8;3.4;
2020-08-22;0;15.2;6.7;-1.2;66.1;9.9;3.6;
2020-08-23;0;16.7;9.4;2.7;70.8;13;6;
2020-08-24;0;19.1;12.1;7.4;72.4;14;6.9;
2020-08-25;0;22.2;13.7;7.7;73.7;11.5;5.9;
2020-08-26;0;25.9;16.2;9.2;62.9;10.1;4.9;
2020-08-27;0;29.1;17.5;8.5;66.1;6.5;3.1;
2020-08-28;0;29.1;20.2;10.7;57.2;7.8;2.8;
2020-08-29;0;28.8;21.3;13.3;59.8;7;2.3;
2020-08-30;0;26.1;20.8;16.3;58.2;8;2.1;
2020-08-31;0;23;17.5;14.7;81.3;12;5.3;
2020-09-01;0;21.3;15.7;13.4;80.6;13.5;7.6;
2020-09-02;0;21.4;16.5;13.1;78.5;14.7;7;
2020-09-03;0;24.6;18.3;14;82;8.7;2.9;
2020-09-04;0;24.5;18.1;13.4;76.8;7;2.1;
2020-09-05;0;27.3;19.7;12.8;73.9;9.3;3.8;
2020-09-06;0;23.1;17.1;13.1;80.4;10.4;4.2;
2020-09-07;.6;16.5;15.1;15;93.1;11.6;5.1;
2020-09-08;36.4;18.1;15.3;13.4;92.2;10.5;4.7;
2020-09-09;0;22.7;17.9;15.2;85.5;11.2;5.7;
2020-09-10;0;25.5;19.8;15.3;81;6.6;2.2;
2020-09-11;0;30.1;22.3;16.4;72;8.9;3.7;
2020-09-12;0;30.2;23.7;19;58.3;11.8;4.2;
2020-09-13;0;31.2;22.1;14.3;59.7;11;4;
2020-09-14;0;24.1;19.2;17.5;68.9;10.5;3.3;
2020-09-15;0;14.9;12.3;10.4;82.6;13.4;6.1;
2020-09-16;0;14.7;12.7;10.5;92.6;11.1;4.5;
2020-09-17;11.6;18.4;15.4;12.1;90.9;9.1;2.5;
2020-09-18;.2;22.7;17.5;11.3;74.5;6.9;1.6;
2020-09-19;0;23.8;18.8;14.8;65.5;9.9;2.5;
2020-09-20;0;19.2;13.2;9.4;74.3;7.9;2.4;
2020-09-21;0;19.5;12.9;8.5;71.5;10;3.2;
2020-09-22;0;22.3;13.9;9.4;71.3;10.3;4.5;
2020-09-23;0;23.4;14.5;8.5;72;10.8;4.4;
2020-09-24;0;25.8;17.4;11;66.3;7.9;3;
2020-09-25;0;27;18.9;10.5;60.3;8.2;3.7;
2020-09-26;0;31.5;22.2;12.2;50.9;11.4;3.7;
2020-09-27;0;25.9;22.8;21.9;56.3;19.8;3.8;
2020-09-28;15;22.2;16.9;14.6;81.9;12.2;2.7;
2020-09-29;.4;28.6;17.5;9.5;75.3;9.5;4.3;
2020-09-30;0;31.9;21.5;14.8;78.3;13.5;3.9;
2020-10-01;4.2;34.2;23.9;15.5;64.5;14;4;
2020-10-02;0;34.8;27.4;22.5;45;13.4;3;
2020-10-03;0;28.6;19.2;16;84;16.9;6.2;
2020-10-04;0;21.2;15.4;11.8;78.5;17.2;9;
2020-10-05;0;29.1;20.1;13.8;74;13.3;4.6;
2020-10-06;0;29.5;21.3;15.4;75.8;6.1;1.7;
2020-10-07;0;31.4;23.7;17.6;68.4;14.7;3.7;
2020-10-08;.4;23.3;18.1;15.8;81.9;8.3;2.3;
2020-10-09;2.2;18.1;16.1;15.1;95.5;10.4;3;
2020-10-10;9;21.3;14.8;8.6;68.5;9.5;2.1;
2020-10-11;0;25.4;16.8;10.1;62.4;10.3;4;
2020-10-12;0;28.1;19;10.9;61;9.2;3.6;
2020-10-13;0;26.7;20.6;14.7;45.1;10.6;2.2;
2020-10-14;0;28.3;19.7;9.4;48.4;8.4;2.5;
2020-10-15;0;26.4;20;15;55.4;9.2;3.7;
2020-10-16;0;25.1;16.8;10.3;64.3;11.8;5.5;
2020-10-17;0;26.8;16.4;8.9;61.6;12.7;5.5;
2020-10-18;0;26.9;17.5;10.2;62.5;13.1;5.3;
2020-10-19;0;29.5;20;12.2;62.5;11.8;4.8;
2020-10-20;0;30.2;22.4;15.8;63;10.6;4.2;
2020-10-21;0;29.6;22;15.2;63.3;10.6;4;
2020-10-22;0;27.6;19.9;14.4;66.3;14.1;6.6;
2020-10-23;0;26.5;19.6;15.1;67.5;12.9;5.2;
2020-10-24;0;28.5;19.8;15.8;73.5;10;3.5;
2020-10-25;11.2;29.5;20.6;14.1;70.7;14.3;4.1;
2020-10-26;0;26;19.9;16;74;13;5;
2020-10-27;13.8;22.3;16.7;13.5;76.8;12.4;3.5;
2020-10-28;0;26.4;18.9;12.4;55.5;12;3.1;
2020-10-29;0;23.4;19.5;13.9;54.3;8.3;2.1;
2020-10-30;3;20.4;14.5;10.8;85.5;8.4;4.3;
2020-10-31;0;17.7;13;10.6;81.6;13.1;5.4;
2020-11-01;5.4;21.3;14.4;8.6;69.9;9.1;3.7;
2020-11-02;0;23.2;16;10.2;63;8.8;3.6;
2020-11-03;0;24.5;16.3;11;63.6;12;4;
2020-11-04;0;21.6;14.6;9.3;63.2;11.4;4;
2020-11-05;0;21.7;13.5;5.3;58.6;11.9;4.2;
2020-11-06;0;26.4;16.3;5.7;53.5;12;5.3;
2020-11-07;0;30;19.6;10.1;54;10.7;4.4;
2020-11-08;0;31.2;22.4;14.1;56.7;11.2;3.8;
2020-11-09;0;25.9;17.1;15.5;90.2;12;4;
2020-11-10;16.8;26.7;19.2;14;79.2;9.2;2.8;
2020-11-11;17.4;25.9;18.8;14.8;82.8;12.7;2.5;
2020-11-12;12.4;26.7;18.9;13.8;79.2;11.6;2.7;
2020-11-13;0;28;20.5;12.7;63.8;7.5;2.2;
2020-11-14;0;30.3;22.5;16.2;64.2;9.9;3.6;
2020-11-15;0;29.2;21.4;17.1;73.3;17.7;3.2;
2020-11-16;1.2;28.7;20.5;16.3;76.5;19.6;2.5;
2020-11-17;0;25.3;18.8;13.6;62.7;9.6;3.4;
2020-11-18;0;20.3;15.7;12.4;75.4;9.7;4.9;
2020-11-19;0;23.9;17.3;11.7;64.4;9.4;3.2;
2020-11-20;0;24;15.9;9.9;67.5;13.5;3.9;
2020-11-21;.6;25.5;17.5;11.4;67.3;11.7;4.2;
2020-11-22;0;27.8;19.3;13.1;63.8;10.4;4.6;
2020-11-23;0;28.2;20.6;14;61.6;11.6;5.4;
2020-11-24;.4;30.1;21.2;13.5;54.7;11.9;5.7;
2020-11-25;0;32.7;23.7;16.6;60.2;11.8;4.8;
2020-11-26;0;30.7;22.9;18.1;70.5;10.8;3.3;
2020-11-27;12;22.3;18.5;16.9;91.3;12.9;5.5;
2020-11-28;16.8;30.1;21.4;16.4;77.3;13;5.4;
2020-11-29;25;21.2;18;16.6;91.3;12.3;4;
2020-11-30;7.6;25.3;18;14.6;88.5;8.9;2.4;
2020-12-01;6.4;26.1;19.4;15.8;84.4;10.4;4.3;
2020-12-02;0;28.2;21.1;16.5;78.1;11;4.6;
2020-12-03;63;23.1;19.2;16.1;83;13.9;3.7;
2020-12-04;0;26.7;20.9;16;72;6.5;1.8;
2020-12-05;1.8;21.8;15.2;13.6;91.3;11.4;5.6;
2020-12-06;4.2;18.3;15.5;13.8;90.3;10.9;5;
2020-12-07;1.6;25.3;18.4;14.3;81.4;10.1;4.2;
2020-12-08;0;27.6;21.6;15.9;64.4;10.1;3.2;
2020-12-09;0;28.6;21.7;15.5;61.3;7.9;3;
2020-12-10;0;29.6;22.1;15.9;63.6;8.8;3.5;
2020-12-11;0;30.4;22.9;17.9;66.8;10.5;4.3;
2020-12-12;0;28.5;21.7;18;70.5;12.3;3.5;
2020-12-13;9.2;29.1;22;16.9;70;12.1;3.4;
2020-12-14;0;25.3;20.3;16.6;78.3;6.6;1.7;
2020-12-15;1.4;29.1;22.8;17.4;70.5;9.4;2.4;
2020-12-16;0;29.1;21.8;17.3;73.5;9.5;2.7;
2020-12-17;1.6;26.9;20.3;16.5;80.9;11.4;3;
2020-12-18;2.8;30.2;22.4;17.5;71.5;12.3;3.6;
2020-12-19;0;28.8;21.2;18.2;84.8;13.5;3.8;
2020-12-20;53;19.1;18.2;17.2;94.3;8.9;2.3;
2020-12-21;18.2;25.9;20.5;16.3;67.7;8.1;2;
2020-12-22;0;27.7;20.2;11;57.3;8.7;2.4;
2020-12-23;0;27.4;20.9;16.8;74.5;11;4.6;
2020-12-24;0;27.7;21.3;15.8;70.5;9.5;4.5;
2020-12-25;0;26.7;20.1;14.3;69.5;11.6;5.3;
2020-12-26;0;26.1;19.9;14.3;70.1;11.8;5.4;
2020-12-27;0;27.1;19.5;16.2;79.8;14;5.2;
2020-12-28;23.4;26.1;19.3;16;83.7;12.1;3.8;
2020-12-29;.6;27.1;21.2;17.3;80.3;11.1;2.7;
2020-12-30;31.6;27.5;21.5;15.6;79.9;10.3;2.6;
2020-12-31;25.8;25.4;21.5;17;82.4;11.7;2.4;
2021-01-01;null;null;null;17.6;null;8;null;
2021-01-02;null;null;null;null;null;null;null;
2021-01-03;null;null;null;null;null;null;null;
2021-01-04;null;null;null;null;null;6.3;null;
2021-01-05;null;22;19.3;17.7;90;9.1;2.6;
2021-01-06;52.4;25.9;21.1;18.5;84.7;8.3;2.5;
2021-01-07;.4;24.5;20.8;18.9;84.5;7;1.9;
2021-01-08;5.4;27.3;22.1;18.1;74.5;6.7;1.6;
2021-01-09;0;28.5;21.6;16.3;79.5;9.7;3.6;
2021-01-10;25.2;28.8;22.4;16.3;78.2;10.3;3.2;
2021-01-11;0;28.7;23.2;18;77.5;10.2;4.1;
2021-01-12;.6;28.4;23.1;19.9;81.8;11.4;3.1;
2021-01-13;1.4;25.5;21.2;19.4;87.5;9.9;3.8;
2021-01-14;68;23.6;19.3;15.5;85.3;11;4.9;
2021-01-15;0;26.4;20.9;16.9;79.9;12.9;5.4;
2021-01-16;0;26.9;20.6;18.1;84.7;14.5;4.2;
2021-01-17;23.8;25.4;20.4;17.6;92.6;11;2.7;
2021-01-18;27.2;23.1;19.8;18.1;88.3;9.4;2.7;
2021-01-19;1.6;20.2;17.3;14.7;91.3;11.1;4.7;
2021-01-20;28.4;22.2;18;16;93.2;12.2;5.5;
2021-01-21;4.6;20.5;18.4;17.3;93.4;11.2;4.9;
2021-01-22;14.2;19.5;17.5;16.5;95.3;13.8;4.6;
2021-01-23;28.8;25.2;19.2;16.7;88.8;10.3;3.7;
2021-01-24;.6;25.2;19.8;16.4;86.9;10.5;2.6;
2021-01-25;33;23.2;19.3;17.4;92.3;7.4;2;
2021-01-26;10.4;25.1;20.1;17.6;88.5;10.6;3.1;
2021-01-27;10.2;25.4;21.3;18.7;82.8;13.2;3.9;
2021-01-28;0;25.8;20.9;18.8;88.7;9.5;2.5;
2021-01-29;11.4;24.2;20.3;18.6;93.1;9;2.4;
2021-01-30;37.4;26.3;21;17.7;83.9;10.5;2.1;
2021-01-31;14;24.2;19.6;15.7;87.3;14.7;2.1;
2021-02-01;.4;24.4;20.5;17.8;86.7;6.5;1.9;
2021-02-02;.2;28.5;21.8;15.8;82.3;9.6;2.2;
2021-02-03;3.6;27.6;22.9;18.3;83.3;7.9;2.7;
2021-02-04;0;22.7;20.3;20.5;87;13.2;2.6;
2021-02-05;5.6;22.2;16.6;12;78.6;11.4;2.2;
2021-02-06;0;23.3;16.8;10.9;72.1;8.7;2.2;
2021-02-07;0;26.6;19.2;12;64.8;7.7;2.9;
2021-02-08;0;26.7;19.5;12.1;66.6;7.2;3;
2021-02-09;null;null;null;null;null;9.5;null;
2021-02-10;null;null;null;null;null;10.4;null;
2021-02-11;null;null;null;null;71.7;10.7;null;
2021-02-12;null;null;null;null;76.9;9;null;
2021-02-13;5.6;25.1;19.2;14.5;82.9;7.8;2.2;
2021-02-14;0;26.2;20.5;15.8;77.1;10.1;2.5;
2021-02-15;0;24.4;18.5;15.2;82.1;11.2;2.1;
2021-02-16;1.8;24.4;18.7;15;82.1;10;2;
2021-02-17;.2;24.7;19.3;14;69.8;8.8;1.9;
2021-02-18;0;24;18.3;13.3;62.4;8.4;2;
2021-02-19;0;25.6;19.6;13.8;66.8;7.3;1.5;
2021-02-20;0;27.4;20.4;14.2;69.8;8.1;3;
2021-02-21;0;28.9;21.3;15.7;72.2;9.5;3.8;
2021-02-22;0;29.5;21.4;15.2;72.5;11.1;3.7;
2021-02-23;.4;29;22;16.6;68.8;13.1;2.5;
2021-02-24;0;25.8;20.3;17;86.1;8.5;2.3;
2021-02-25;2.8;26.6;20.2;16.1;83;11.8;3.8;
2021-02-26;0;25.4;19.5;15.5;77;12.3;4.9;
2021-02-27;.2;27.7;19.5;14.4;79.2;19.2;4.9;
2021-02-28;0;24.8;17.9;12.5;84.3;12.1;4.5;
2021-03-01;0;27;null;17;80.4;13.8;4.4;
2021-03-02;null;null;null;null;null;11.5;null;
2021-03-03;null;null;null;null;null;5.8;null;
2021-03-04;null;null;null;null;90.2;5.7;null;
2021-03-05;null;22.9;null;16.8;90.7;11.3;2.4;
2021-03-06;2.2;24.9;19.4;15.7;80.2;9.1;1.6;
2021-03-07;null;null;null;null;63;7;null;
2021-03-08;0;27.2;21.2;16.3;71.9;11;3.2;
2021-03-09;0;25.1;19.4;13.9;74.8;10.8;2.6;
2021-03-10;0;23.4;17.3;11.5;71.6;7.3;2.2;
2021-03-11;0;25.8;17.6;9.9;68.4;7.9;2.7;
2021-03-12;0;27.3;19.6;10.6;64.1;7.9;2.5;
2021-03-13;0;28.9;21.7;13;67.7;8.4;3.1;
2021-03-14;0;30;22.8;16.7;70.8;8.4;3;
2021-03-15;0;29.7;21.8;15.3;70.5;8.4;3;
2021-03-16;0;31.1;23.1;17.8;72.7;9;3.3;
2021-03-17;5.8;25.2;21.1;18.4;83.1;10.5;3.6;
2021-03-18;2.2;26.3;20.2;16.5;78.4;8.4;1.7;
2021-03-19;0;27.4;20;15.5;76.8;9.6;4.1;
2021-03-20;0;28.7;21.9;17.3;73.5;11.4;4.4;
2021-03-21;0;26.8;21.8;18.4;82.1;8.4;2.7;
2021-03-22;0;28.1;21.6;17.8;83.7;6.7;2.1;
2021-03-23;.2;28.1;21.1;18.5;85.2;12.1;3;
2021-03-24;29;27.9;20.9;16.5;83.9;12.1;2.1;
2021-03-25;0;29.3;22.1;15.7;75.5;8.5;2.7;
2021-03-26;.4;23.6;19.6;17.1;89;6.9;2.3;
2021-03-27;null;22.7;null;16.2;89.7;12.3;2.3;
2021-03-28;null;null;null;null;null;10.1;null;
2021-03-29;null;null;null;null;null;7.7;null;
2021-03-30;null;null;null;null;null;6.7;null;
2021-03-31;null;null;null;null;63.4;8.4;null;
2021-04-01;null;null;null;null;60.2;8.4;null;
2021-04-02;0;24.1;17.2;11.9;69.7;8.8;3;
2021-04-03;0;25.7;17.5;10.8;72.4;8;3;
2021-04-04;0;25.1;18;12.8;73.1;9.6;4;
2021-04-05;0;24.9;17.8;12.1;75;10.3;4;
2021-04-06;0;24.8;17.8;13.6;78;7.4;3.4;
2021-04-07;0;24.6;17.8;14.3;77.2;11.4;5.2;
2021-04-08;0;26.2;19;14.4;73.2;14.7;5.9;
2021-04-09;0;27.9;20.4;14.5;69.3;11.1;3.8;
2021-04-10;0;28.5;21.3;15.5;63.5;8.4;2.5;
2021-04-11;0;28.8;21.8;15.2;56.6;10.6;3;
2021-04-12;.4;23.4;18.2;14.7;77.9;7.5;2.8;
2021-04-13;0;25.8;17.3;11.1;73.6;9.5;3.5;
2021-04-14;0;23.3;17.2;12.8;74;11.8;4.3;
2021-04-15;0;24.3;17.2;11.6;73.5;10.5;3.4;
2021-04-16;0;23.1;16.7;12.4;80.7;8.4;2.8;
2021-04-17;17;20;16.7;14.7;91;8.4;2.9;
2021-04-18;.2;24.2;16.2;10.3;80.2;8.2;3.3;
2021-04-19;.2;24.2;17;11.1;77.6;9.5;3;
2021-04-20;0;24.2;17;11.3;73.3;7.8;3.1;
2021-04-21;0;23.4;16.3;11;76.3;11;4.4;
2021-04-22;0;22.5;16.1;12;72.3;11.2;4.6;
2021-04-23;0;23.2;15.6;9.2;67.6;8;3.3;
2021-04-24;0;23.1;14.9;8.8;78.7;9.7;2.9;
2021-04-25;0;17.2;15.2;13.3;86.4;8.9;2.1;
2021-04-26;0;18.5;14.1;11;75;8.4;1.9;
2021-04-27;0;19.4;12.7;6.7;66;6.6;2.6;
2021-04-28;0;20;12.5;5.7;56.2;7.4;2.7;
2021-04-29;0;21.8;13.1;4.6;63;12.9;4.3;
2021-04-30;0;21.3;14.6;10.3;70.6;12.1;5.2;
2021-05-01;0;21.7;14.9;10.2;73.1;10.4;4.4;
2021-05-02;0;22.5;16;12.2;87.3;9.6;3.2;
2021-05-03;7.4;26.7;17.8;12.3;80.1;5.5;2.6;
2021-05-04;0;26.9;20.2;11.8;62.9;8.1;2.7;
2021-05-05;0;24.4;18.7;13.2;74.5;9.7;2.1;
2021-05-06;14.8;16.2;12.6;12.2;96.8;11.7;3;
2021-05-07;19.8;15.6;9.7;6.1;78.5;8.4;2.8;
2021-05-08;0;18.4;10.7;4.4;79.3;11.1;4.3;
2021-05-09;0;20;13.3;8.6;77.8;11.8;4.3;
2021-05-10;0;22.5;15.5;10.2;75.1;7.5;3;
2021-05-11;0;18.9;14.5;13.4;88.6;7.9;2;
2021-05-12;22;17;12.5;10.9;89;6.8;2.7;
2021-05-13;0;19.7;12.1;5.9;75.3;7.5;3.6;
2021-05-14;.2;19.6;11.8;5.6;81.7;9.8;2.7;
2021-05-15;.2;19.5;12.4;6.4;80.5;7;2.7;
2021-05-16;0;20.7;13.5;7.6;78.4;7;2.6;
2021-05-17;0;18.1;13.9;11.2;76;8.5;1.9;
2021-05-18;0;17.8;12.6;4.4;69;6.2;1.4;
2021-05-19;0;20.6;13.1;4.3;58;7.7;2.3;
2021-05-20;0;23.8;16.4;7.7;44.8;6.4;1.8;
2021-05-21;0;25.1;16.8;9.8;70.8;12.5;3.3;
2021-05-22;29.2;21.5;15.9;13.1;86.4;15;3;
2021-05-23;1;14.1;10.2;6.4;74.5;20.4;5.2;
2021-05-24;0;11.8;7.3;5.3;78.3;11.9;4;
2021-05-25;0;16.8;9.4;1.4;58.5;6.7;1.7;
2021-05-26;0;21.2;13.2;2.9;43.6;5.1;1.9;
2021-05-27;0;21.2;15.7;7.7;50.2;6.3;1.7;
2021-05-28;0;23.4;18.6;14.3;70.6;15.6;4.6;
2021-05-29;71.4;21;16.6;14.4;89.7;34.2;3.1;
2021-05-30;.2;16.8;12;6.3;74.3;6.2;1.9;
2021-05-31;0;18.5;10.4;2;78.5;5.7;2.4;
2021-06-01;0;19.9;12.5;3;67.8;5.7;2;
2021-06-02;0;18.7;14.2;7.6;87.7;9.6;2.5;
2021-06-03;11.4;20.7;16;14;86.5;5.8;1.8;
2021-06-04;0;24;16.8;10.5;81.6;7.3;3.7;
2021-06-05;0;25.3;18.8;11;75.3;11.3;4.1;
2021-06-06;0;19.6;14.1;11.9;90.2;12.9;2.3;
2021-06-07;10.8;18;13.6;12;91.1;10.9;5.6;
2021-06-08;10.4;13.5;12.5;11.9;93.5;12.8;5.4;
2021-06-09;34;19.1;14.2;11.3;88.9;10.4;3.9;
2021-06-10;0;16.7;14;12.6;90.3;10.3;3.8;
2021-06-11;.4;16.3;12.2;10;84.4;9.5;2;
2021-06-12;.2;14.8;9.4;5;72;8.2;1.7;
2021-06-13;0;19.8;10.7;2.3;69.5;7.1;3.3;
2021-06-14;0;20.1;11.9;4.7;70.7;7.7;2.8;
2021-06-15;0;17.7;12.8;5.6;73.3;7.4;2.3;
2021-06-16;0;13.5;9.3;6.9;84.8;9.1;3.4;
2021-06-17;0;13.5;8.4;5.6;83.9;7.2;2.4;
2021-06-18;0;17.3;11.3;6.9;84.8;8.4;3.3;
2021-06-19;11;11.2;10.2;9;96.3;11;4.7;
2021-06-20;26.4;12.3;10.6;9.1;95.7;5.2;1.5;
2021-06-21;.4;14.5;10;6.9;91.9;10.8;3.8;
2021-06-22;1.4;16.7;12.2;9.3;88.1;7.9;3.8;
2021-06-23;0;16.8;12.1;9.1;83.1;14.9;6.4;
2021-06-24;0;17.4;13.5;11;87.1;17.1;6.2;
2021-06-25;20.2;20.9;14;9.8;82.5;9.6;2;
2021-06-26;0;21.3;16.9;12;85;15.3;5.8;
2021-06-27;3.2;19.4;12.6;12.4;91.5;16.8;3.1;
2021-06-28;36;7;3.6;3;92.2;7.4;2.2;
2021-06-29;0;5.3;1.3;-1.2;83.3;12.1;4.3;
2021-06-30;0;9.6;3.5;-.5;84.7;9.3;2.5;
2021-07-01;0;14.3;7.7;1.3;81.9;13.2;5.1;
2021-07-02;.2;18.1;10.6;5.2;68.7;8.4;3.3;
2021-07-03;0;15.4;10.2;2.8;69.5;6.3;1.5;
2021-07-04;0;16.4;8.3;2.8;87.3;10;4.4;
2021-07-05;.2;19;11.3;5.3;81.6;7;2.6;
2021-07-06;.2;15.4;9.5;6.9;91.2;9.1;4.5;
2021-07-07;0;16.3;11.3;7.9;80.7;10.6;4.2;
2021-07-08;0;17.5;10.1;3.9;79.5;7.7;2.7;
2021-07-09;0;17.1;11.1;4.7;78.4;10.3;3.9;
2021-07-10;.2;20.4;12.7;7.4;73.3;7.4;2.7;
2021-07-11;0;21.2;13.8;3.9;59.2;7.2;2.9;
2021-07-12;0;21.5;13.1;5;69.5;10.9;4.3;
2021-07-13;0;23.5;17.4;9.3;60.4;9.4;3.6;
2021-07-14;0;22.2;17.1;12.1;61.8;11.6;2.7;
2021-07-15;0;18.1;14.7;13.2;81.6;7.7;2.5;
2021-07-16;17.6;16;11.5;8.4;90.8;9.1;3;
2021-07-17;0;15.7;11.4;8.9;85.6;11.5;3.2;
2021-07-18;0;9.9;5.2;.8;67.8;15.2;4.7;
2021-07-19;0;9.9;3.6;-1;70.1;10.4;3.7;
2021-07-20;0;16.4;7.2;-2.2;63.9;7.5;1.9;
2021-07-21;0;21.1;12.1;3;43.3;5;2;
2021-07-22;0;22.8;13.2;5.1;53.8;6.7;3.4;
2021-07-23;0;25.1;14;4.9;52.9;7.4;3.5;
2021-07-24;0;24.1;14.6;6.4;58.4;9.1;3;
2021-07-25;0;25.4;18.1;11.4;57;10.6;3.4;
2021-07-26;0;26.4;20.1;15.6;54.3;11.4;3.7;
2021-07-27;28.6;21.3;11.7;11.4;81.4;16.4;3.2;
2021-07-28;4.8;6.2;1.3;-2.9;71.8;13.5;3.8;
2021-07-29;0;6.4;1.2;-3.5;73.6;11.4;2.5;
2021-07-30;0;13;4.5;-2.4;64.2;8.8;3;
2021-07-31;0;16.1;7.9;1.6;65.3;11.8;5.1;
2021-08-01;0;17;10.5;5.6;73.8;8.1;3.4;
2021-08-02;0;17.2;9.8;3.9;77.4;6.6;2.4;
2021-08-03;0;16.3;9.6;3.7;72.3;8.6;3.4;
2021-08-04;0;16.1;10.3;5;79.3;12.3;5.8;
2021-08-05;0;17.2;12.4;8.7;78.8;14.5;6;
2021-08-06;0;19.3;12.8;8.1;79.8;12.4;5.6;
2021-08-07;0;21.7;15.1;10.8;80.1;11.9;5.2;
2021-08-08;0;23.8;16.8;12.3;73.2;9.3;3.7;
2021-08-09;0;25.7;19;13.2;60.2;9.2;3.2;
2021-08-10;0;20.4;16.5;12.9;75.7;10.6;1.8;
2021-08-11;13;14.5;11.1;9.6;83.3;7;2.9;
2021-08-12;0;12.4;8.6;5.9;89.5;9.5;4.7;
2021-08-13;3.8;12.3;9;6;90.1;15.1;6.4;
2021-08-14;0;16.2;12.4;7.8;86.8;9.9;3.7;
2021-08-15;0;20.5;14.8;10.8;84;6.6;2.8;
2021-08-16;0;23.7;16.4;11.4;83.5;6.9;3.1;
2021-08-17;.2;28;19.1;11.8;72.9;8;2.5;
2021-08-18;0;29.8;23.2;16.1;51;10.7;3.6;
2021-08-19;0;29.1;20.7;13.3;65.9;14.1;4.6;
2021-08-20;0;28.5;23;19.4;44.3;11.4;4.1;
2021-08-21;0;25.2;18.1;13.2;64.8;13.7;5.6;
2021-08-22;0;28.2;20.4;14.4;52.4;11.2;4.1;
2021-08-23;0;28.8;22.7;19.1;40.4;10.5;3.3;
2021-08-24;0;28.4;22.8;20.5;47.7;16;4.8;
2021-08-25;7.2;25.3;20.4;15.7;64.9;15.3;3.9;
2021-08-26;11.4;23.7;13.7;11.7;92.4;11;2.9;
2021-08-27;.8;15.3;11.1;8;89;7.7;3.2;
2021-08-28;.2;16.4;12.5;8.6;84.7;15.9;6.8;
2021-08-29;0;19;13.3;10;86;11.5;4.8;
2021-08-30;0;20.6;14.4;10.7;79.6;11.3;5.3;
2021-08-31;0;22.4;15.5;10.6;74.9;11.9;5.3;
2021-09-01;0;25;16.1;10.2;71;12.4;4.6;
2021-09-02;0;26;17.9;10.9;67.6;10.8;3.1;
2021-09-03;0;24.8;19.9;14.7;55.6;10.7;2.3;
2021-09-04;0;26.8;17.6;12;78.4;12.4;2.9;
2021-09-05;32.4;22.9;17.3;13.1;82.2;12.3;2.6;
2021-09-06;0;24.2;16.5;9.8;83.7;11;3.7;
2021-09-07;5.2;20;15.5;12.1;85.8;16.8;7.9;
2021-09-08;2.2;17.6;16;14.1;91;16;5;
2021-09-09;33.2;18.4;14.2;9.5;75.8;9.9;3.6;
2021-09-10;0;17.4;11.6;8.3;75.9;9;3;
2021-09-11;0;21.9;14.2;6.5;65.4;6.5;1.8;
2021-09-12;0;28.7;18.3;10;74;7.2;3.4;
2021-09-13;0;30.3;23.3;14.6;62.1;13.3;4.1;
2021-09-14;71.4;25.5;16.5;13.3;89.8;19.2;3.1;
2021-09-15;6.2;16.8;14.7;13.2;93.3;5.8;2;
2021-09-16;.8;14.8;13.2;12;95;10;4.4;
2021-09-17;22.4;13.4;12;11.5;96;16.8;5.7;
2021-09-18;33.4;25.6;17.8;11.2;85.2;10.5;3;
2021-09-19;0;30.9;21;16.1;84.9;11.7;3.6;
2021-09-20;0;30.8;22.4;16;73.8;12;3.5;
2021-09-21;2.2;25.6;17.2;16.6;86.8;11.4;3.3;
2021-09-22;.6;17.1;10.7;4.9;76.3;19;6.6;
2021-09-23;0;20.1;12.9;8.1;75.8;12.5;5.6;
2021-09-24;1.2;20.4;14.7;11.1;82.2;9.7;2.9;
2021-09-25;0;23.2;16.2;9.4;78.8;8.3;3.2;
2021-09-26;0;26.5;19;13.6;71.3;9.5;3.6;
2021-09-27;0;28.8;20.9;14.3;72.7;9;3.7;
2021-09-28;0;28;20.6;15.9;78.7;9.2;3;
2021-09-29;10.6;23;17.8;14.4;85.9;16.2;3.5;
2021-09-30;0;18.5;15.8;14.4;86;13;6.9;
2021-10-01;25.8;20.8;17.5;14.4;86.2;13.5;3.4;
2021-10-02;0;23.2;17.6;14.5;87.6;8.2;2.8;
2021-10-03;4.8;17.2;15.8;14.8;93.3;15.4;3.1;
2021-10-04;14;20.5;15.5;14.3;88.9;10.1;2.2;
2021-10-05;.4;23.8;15.2;8.4;74.1;8.9;2.6;
2021-10-06;0;19.4;15.8;13.3;92.6;8.9;3.4;
2021-10-07;18.2;23.2;16.8;11;70.7;9.9;3.3;
2021-10-08;0;17.3;14.1;11.8;87.3;12.6;5.5;
2021-10-09;17.4;16.5;13.6;12.2;94.3;11.9;4.7;
2021-10-10;2.6;20.7;15.4;12.5;84.1;13.2;6.5;
2021-10-11;0;22.7;16;12.8;80.8;12.9;6;
2021-10-12;3.4;24.3;18;13.7;76.7;9;3.2;
2021-10-13;0;26.4;19.3;15.3;71.3;12.3;5.4;
2021-10-14;10.8;27.3;20.6;15.8;73.5;23.8;4.5;
2021-10-15;39.8;22.7;16.5;15.3;93.1;15.4;3.8;
2021-10-16;28.8;20.1;15.4;12.7;88.5;11.5;3.1;
2021-10-17;0;18.1;14.5;13;90.9;11.1;4.4;
2021-10-18;7.6;18.9;13.8;10.9;85.3;10.6;4.3;
2021-10-19;0;21.6;15;11.6;75.7;9.7;3.7;
2021-10-20;0;21.8;14;6.9;67.9;12.4;4.5;
2021-10-21;0;22.5;15.4;10.6;65.7;10.9;4.2;
2021-10-22;0;24.9;17.2;8.1;61.2;7.3;2.2;
2021-10-23;0;19.1;14.6;12.5;82.9;15.1;4;
2021-10-24;34.2;18.8;14.5;11.3;77.9;11.6;2.6;
2021-10-25;0;23.4;15.5;6.4;67.8;11.7;3.7;
2021-10-26;0;26.9;19.5;10.3;54.4;7.1;2.6;
2021-10-27;1.6;27.4;19.7;11.3;49.6;11.3;4.7;
2021-10-28;0;26.6;19.2;14.1;76.5;11.9;5.6;
2021-10-29;0;28;19;14.8;75.6;13.6;5.7;
2021-10-30;4.4;26.5;19.1;14.5;73.5;13.8;6.5;
2021-10-31;0;22.8;18.3;15.9;77.7;11.8;5.9;
2021-11-01;0;26.6;18.7;14.6;75.7;12.4;5.6;
2021-11-02;0;26.8;20.6;15.3;69;10.4;4;
2021-11-03;0;27;19.3;16.2;82.5;9.8;4;
2021-11-04;13;27.5;21.3;16.2;75.2;8.9;2.4;
2021-11-05;0;29;22.3;17.4;76;8.5;3.4;
2021-11-06;.8;25.8;20.2;17.7;83.3;11.5;2.5;
2021-11-07;0;25.8;19.8;15.3;75.2;9.5;3.6;
2021-11-08;0;27.3;20.8;15.8;69.1;11.2;2.9;
2021-11-09;0;26.8;19.9;15.7;64.3;9.4;3.4;
2021-11-10;0;25.9;18.3;13.5;71.9;13.2;5.9;
2021-11-11;0;23.6;17;13.7;75.5;12.3;6.4;
2021-11-12;0;24.6;16.9;12.4;70.2;13;5.8;
2021-11-13;0;25.4;17.5;11.9;62.1;13.4;6.3;
2021-11-14;0;25.3;17;11;60.8;14.1;5.6;
2021-11-15;0;28.1;19.5;13;66.3;10.3;4.8;
2021-11-16;0;29.1;21;15;69;12.5;4.6;
2021-11-17;4.4;25;20.2;16.9;81.3;9.4;3.4;
2021-11-18;37.6;19.3;17.5;16.9;95.6;8.5;2.6;
2021-11-19;10.6;24.1;18.3;15.7;82.3;8.2;2.8;
2021-11-20;0;25.5;18.8;14.2;72.8;8.9;4.2;
2021-11-21;0;27.8;20.2;14.8;64.5;9;3.5;
2021-11-22;0;29.7;21.9;12.9;55.9;8.1;3;
2021-11-23;0;28.8;23.8;18.7;53.3;10.6;2.7;
2021-11-24;0;29.4;21.4;14.6;72;9.6;4.5;
2021-11-25;0;30.4;21.2;16;76.7;10.2;4.1;
2021-11-26;42.6;21.7;18.6;17;84.1;18.5;4.6;
2021-11-27;.8;24.3;18.8;15.6;81.6;8.9;2.5;
2021-11-28;0;26.3;20.4;13.6;75;11.2;3;
2021-11-29;0;24.4;19.5;16;63.9;13.4;4.4;
2021-11-30;0;24.7;18.5;12.1;63.8;12.9;2.8;
2021-12-01;0;26.4;19.6;12;57.6;7.8;2.7;
2021-12-02;0;27.5;20.5;15.5;68.1;11.2;3.6;
2021-12-03;0;25.2;18.4;14.2;74.2;12.6;6.4;
2021-12-04;0;27.8;19.7;14.6;67.3;12.3;4.8;
2021-12-05;0;28.4;20.1;16.2;75.7;13.2;4.7;
2021-12-06;4.4;26.6;18.3;15.4;82.5;15.8;3.4;
2021-12-07;3;22.2;16.8;13.2;77.4;12.1;5.1;
2021-12-08;0;24.1;16.3;9.2;62.7;12.7;4.8;
2021-12-09;0;25.6;17.9;11.1;62.1;10;3.8;
2021-12-10;0;27.6;20.1;12.7;61.1;9.8;3.5;
2021-12-11;0;29.1;20.7;13.9;65.6;13.5;3.2;
2021-12-12;9.8;28.5;21.2;16.2;70.5;7.6;2;
2021-12-13;.8;29.6;22.4;17.6;71.3;11.7;3.4;
2021-12-14;0;27;21.3;18.9;85;11.6;5.4;
2021-12-15;.6;30.2;23.6;18.9;76.4;10.7;3.6;
2021-12-16;0;32;24.9;19.3;71.7;11.7;3.5;
2021-12-17;0;31.2;23.8;18.3;67.5;9.9;3.5;
2021-12-18;0;27;20.9;16.6;75.7;13.3;6.1;
2021-12-19;0;27.4;20.4;16.9;72.5;13.6;6.2;
2021-12-20;0;31.5;21.7;13.5;63.6;10.2;4.1;
2021-12-21;.6;31.9;23.3;15.8;64.3;16.1;3.6;
2021-12-22;.4;29.6;22.5;17.2;68.9;12.9;4;
2021-12-23;0;26.6;19.1;10.9;59.8;11.4;4.3;
2021-12-24;0;28.3;19.3;11.2;57.2;13.3;4.8;
2021-12-25;0;29.5;21.3;12.9;57.7;10.4;3.6;
2021-12-26;0;30.6;21.3;13.9;62.7;13.6;3.2;
2021-12-27;3.8;30.2;22;14.2;59.2;10.3;3.2;
2021-12-28;0;31;22.5;13.4;50.8;9.4;3.7;
2021-12-29;0;30.1;22.1;16.2;66;14.1;5.7;
2021-12-30;0;27.8;20.2;15.9;75.8;13.7;5.7;
2021-12-31;10.4;28.8;20.7;14.8;69.6;8.5;3.6;
2022-01-01;0;32.2;23.6;16;59.4;8;2.7;
2022-01-02;0;31.1;23;17.6;67.8;14.1;3.9;
2022-01-03;49.8;26.7;21.3;16.3;75.3;11.5;2.6;
2022-01-04;0;25.4;20.3;18.1;85.7;9.9;3.5;
2022-01-05;10;25.5;20.2;17.4;87.6;15.3;2.5;
2022-01-06;3;24.5;19.4;16;81.5;10.6;4.1;
2022-01-07;0;26.4;19.2;14.3;69;11.3;4.9;
2022-01-08;0;24.8;18;11.8;68;12.6;5.6;
2022-01-09;0;24.2;17.8;13.2;68.7;12.7;6.4;
2022-01-10;0;25.9;19.5;14.5;73.5;10;4.7;
2022-01-11;0;29.1;21.8;14.2;64.7;8.7;3.1;
2022-01-12;0;30.7;23.2;16;58.3;8.6;3;
2022-01-13;0;30.2;22.7;16.2;67.9;9.5;3.2;
2022-01-14;0;27.8;22;18.2;79.5;8.8;3.5;
2022-01-15;.2;29.5;21.7;17.6;82.1;13.7;3.3;
2022-01-16;25.8;30.9;23.4;17.2;76.1;13.9;3.2;
2022-01-17;0;29.9;23.2;17.8;75.2;9.9;3.1;
2022-01-18;0;30.9;22.4;18.3;77.4;13.5;4;
2022-01-19;4;30.8;23;17.3;74.9;11.9;3.2;
2022-01-20;0;30.7;23.6;18.3;77.6;8.9;2.6;
2022-01-21;.4;31.7;25.2;20;65.5;8.9;3.5;
2022-01-22;0;33;25.3;19.7;71.7;8.4;2.9;
2022-01-23;0;33.9;25.5;19.5;70.4;11.4;3.3;
2022-01-24;0;31.7;23.4;19.9;79.2;14.9;3.1;
2022-01-25;1;29.9;23.7;19.7;74;10.1;3.7;
2022-01-26;0;32.4;22.8;19.1;80.2;15.7;3.3;
2022-01-27;21.4;24.8;20.5;18.8;91.8;13.6;3;
2022-01-28;3.8;17.8;16.2;15.9;92.5;11.5;4.9;
2022-01-29;3.2;18.7;15.7;13.4;92.1;10.3;5.2;
2022-01-30;2.4;23.6;18.3;15.5;84.8;11.7;5.3;
2022-01-31;0;26.5;20.5;15.7;77.7;12.6;3.2;
2022-02-01;7.8;28.8;21.6;14.6;70.8;8.9;2.6;
2022-02-02;0;30.4;23;17.8;70.7;10.2;3.9;
2022-02-03;0;29.7;22.8;16.9;70.3;9.9;4.3;
2022-02-04;2.4;23.8;20.6;19.1;92.2;10;3.1;
2022-02-05;52.2;24.7;20.7;18.4;91.5;13.5;2.3;
2022-02-06;12.4;24.9;20.5;17.7;78;9.4;2.6;
2022-02-07;0;22.7;18.1;13.6;62.3;9.2;2.3;
2022-02-08;0;24.6;18.2;11.2;57.9;8.1;2.6;
2022-02-09;0;26.7;19.9;14.1;70.4;8.2;3.5;
2022-02-10;0;26.8;20.3;15.3;76;10;4.3;
2022-02-11;0;28;20.6;16.2;76.8;11.9;3.5;
2022-02-12;6;29.7;21.8;15.9;72.6;7.9;2.8;
2022-02-13;0;28.8;22.1;16.3;74.5;9;2.9;
2022-02-14;0;27.3;21.6;17.3;68.1;7.8;1.9;
2022-02-15;0;29.2;20.6;11;56.6;7;2.9;
2022-02-16;0;29.9;21;14.2;69;8.8;3.5;
2022-02-17;0;29.6;20.2;15.1;69.3;11;4;
2022-02-18;0;26.8;17.8;11.4;65.5;10.4;3.9;
2022-02-19;22.2;27.8;18.9;10.8;67.9;12.6;3.5;
2022-02-20;0;30.2;21.9;14.6;66.1;8.6;3.2;
2022-02-21;0;25.3;21.2;18.2;76.3;9.3;1.8;
2022-02-22;0;30.4;21.7;16.3;77.9;11.6;2.4;
2022-02-23;1.6;29.5;22.6;16.7;72.8;8.3;2.4;
2022-02-24;0;31.3;23;18;75.5;10.9;3.5;
2022-02-25;45.2;25.5;21.4;18.3;87.3;14.9;3.3;
2022-02-26;6.6;30;22.3;17.1;84.4;9.7;2.3;
2022-02-27;1.2;29.9;22.4;18.6;81.2;15.4;3.8;
2022-02-28;8.2;30.3;23.3;19.3;79;18.1;2.3;
2022-03-01;11.8;27;21.2;17.1;85.8;10.7;2.2;
2022-03-02;0;25.1;21;19;89.3;9.6;2.3;
2022-03-03;20.4;26.9;21.3;18;86.5;7.7;2.1;
2022-03-04;0;29.5;21.3;17.4;82.1;11.9;2.8;
2022-03-05;6.6;28.7;21;16.9;83.9;8.4;2.3;
2022-03-06;5;31;23.7;17.9;72.7;7.9;2.4;
2022-03-07;12.2;30.3;23;18.4;79.3;10.4;3.6;
2022-03-08;0;29.7;22.4;17.9;78.1;13.4;2.7;
2022-03-09;21.8;28.6;21.1;18.2;85.3;17.9;3.8;
2022-03-10;33.8;28.1;21.4;15.5;87.8;8.8;3.2;
2022-03-11;3.4;23.7;19.7;18;89.5;10.3;2.7;
2022-03-12;6.4;18.9;16.4;14.9;94.5;10.8;5;
2022-03-13;.8;22.6;17.4;15.2;92.3;10.8;4;
2022-03-14;49;24.7;19.6;15.7;87.4;7.7;2.7;
2022-03-15;0;25.7;19.5;16.2;87.9;10.5;2.8;
2022-03-16;73.6;19;16.8;15.3;92.3;9.9;4.5;
2022-03-17;20.8;28.2;20.7;14.9;78.8;9.1;2.5;
2022-03-18;0;28.3;22.2;19.9;81;9;2.3;
2022-03-19;27.2;24.1;19.4;17.4;88.5;8.6;2.3;
2022-03-20;0;23.4;17.5;14.4;78.5;7.7;4;
2022-03-21;0;21.7;16.6;13.8;81.3;14.5;7;
2022-03-22;0;24.5;18.2;14.5;77;16.1;7.1;
2022-03-23;1.6;20.9;16.3;13.7;87.4;12.7;5;
2022-03-24;35.6;20.2;17;14.4;94.6;30;3.8;
2022-03-25;20.8;20;16.2;14.3;93.4;10.3;2.7;
2022-03-26;.2;22.1;16.3;12.2;81;9.3;2.9;
2022-03-27;0;24.5;17.7;12.9;75.3;6;1.6;
2022-03-28;0;27.6;18.8;10.6;73.1;7.3;2.7;
2022-03-29;0;28;21.1;14.8;72.5;11.7;3.7;
2022-03-30;0;24.3;17.8;17.5;87.2;19.4;2.9;
2022-03-31;6;16.2;12;8.2;76.3;9.5;2.8;
2022-04-01;0;17.9;12;7.9;79.3;10.6;4.5;
2022-04-02;0;21.7;15.2;11.2;83.2;13;6.3;
2022-04-03;0;21.5;17.5;14.3;82.3;14.4;6;
2022-04-04;8.4;20;17.4;16.7;92.7;9.1;2.9;
2022-04-05;19.8;24.9;18.5;13.6;84;6.9;2.3;
2022-04-06;0;25.3;19.8;16.2;81.8;6.8;2.9;
2022-04-07;0;19.6;17.4;16.3;93;13.2;4.2;
2022-04-08;40.4;20.9;18.2;16.3;91.2;9;2.8;
2022-04-09;5.2;23.4;18.4;14.3;85.6;8.1;1.4;
2022-04-10;0;24.4;17.9;11.4;83.9;8.3;3.4;
2022-04-11;.6;19.7;17.4;15.8;88.3;14.7;4.8;
2022-04-12;30.4;21.8;17.9;15.7;89.8;9.9;2.6;
2022-04-13;4.6;23.3;19;16.7;85.7;6.8;1.4;
2022-04-14;.2;19.6;15.6;13.4;75.5;10.3;3.2;
2022-04-15;0;18;11.3;4.9;66.9;8.3;3.1;
2022-04-16;0;20.8;12.9;6.6;75.9;6.7;3.2;
2022-04-17;0;19.8;13.2;7.5;76.2;8.5;3.6;
2022-04-18;0;21.3;13.9;9.5;77.3;9.8;4.4;
2022-04-19;0;22.4;15.5;10.6;71.8;8.3;2.9;
2022-04-20;0;23.6;15.9;8.8;70.4;7.9;3.1;
2022-04-21;0;23;15.5;9.6;80.4;10.1;3.4;
2022-04-22;.2;18.2;14;10.5;88;13;2.6;
2022-04-23;42;18.5;14.3;12.2;84.9;14.7;3.8;
2022-04-24;.2;24.3;15.6;7.2;74.4;8.4;3.2;
2022-04-25;0;24.4;18.1;13.4;81;11.4;5.2;
2022-04-26;0;21.8;17.9;14.5;88.9;11.8;3.3;
2022-04-27;0;29.2;22.5;15.3;70.5;9.8;3;
2022-04-28;0;27.8;21.3;17.5;71.3;14.5;4;
2022-04-29;15.2;19.4;16;13.2;92.5;7.5;3.4;
2022-04-30;.2;18.8;15.8;13.7;88.9;11.2;4.8;
2022-05-01;8;22.4;18;15;90.6;10.9;2.8;
2022-05-02;3.8;19.6;17.1;15.8;95;6.5;1.9;
2022-05-03;50.4;16.7;13.7;12.4;96.5;13;6.1;
2022-05-04;80.4;14.6;13.1;11.4;96.5;12.6;3.2;
2022-05-05;13.8;17.6;13.1;8.7;83.3;8.7;2.1;
2022-05-06;0;20.3;12.9;5.5;80.5;5.9;2.4;
2022-05-07;.2;18.9;13.3;8.1;81.4;8.7;3.5;
2022-05-08;0;19.7;12.4;6.9;80.5;12.6;4.6;
2022-05-09;0;20.9;14.1;9.4;81.4;11.7;3.8;
2022-05-10;0;16.2;14.1;11.2;92.5;8.3;3.8;
2022-05-11;11.4;16.4;13.8;12;90.6;7;1.8;
2022-05-12;0;16.9;12.4;9.5;81.4;5.3;1.6;
2022-05-13;0;20.6;12.6;6.3;81.3;5.9;2.9;
2022-05-14;0;19.6;13.7;10.2;86.6;11.7;3.7;
2022-05-15;2.8;16;13.2;12.2;95.1;9.6;2.7;
2022-05-16;1.4;12.8;9.6;8.1;80.3;11.7;3.3;
2022-05-17;.2;7.4;5;4.4;83;14.2;5.8;
2022-05-18;4;8.8;6.5;3.5;96;16.1;5.4;
2022-05-19;4.2;12.3;8.2;5.9;83.1;12.4;2.5;
2022-05-20;0;14.6;8.5;3.5;75.8;6.3;2.3;
2022-05-21;.2;15.6;9.8;5;72.4;5.4;1.8;
2022-05-22;0;19.1;10.7;3.9;73.7;6.5;2.7;
2022-05-23;0;20.1;12.7;6.5;78;7;3.2;
2022-05-24;0;21.9;13.9;8.7;79.1;10.5;3.9;
2022-05-25;0;23.5;15.4;7.8;74.7;11;3.7;
2022-05-26;0;17.5;14.9;10.9;80.9;7.5;2.5;
2022-05-27;0;17.6;14.7;12.4;85.2;8.3;2.6;
2022-05-28;15.6;16;13.5;11.2;95.2;10;1.8;
2022-05-29;67.6;15;13.6;12.7;95.7;15.8;3.1;
2022-05-30;45.6;15.4;12.2;10.8;95.2;9.9;2.1;
2022-05-31;.2;14.6;8.2;2.6;88.1;7.7;2.6;
2022-06-01;.2;12;10.8;3.9;94.5;12;3.7;
2022-06-02;19.8;12.9;10.5;9.5;98.6;6.5;2;
2022-06-03;2.8;12.5;8.3;5.8;96;7.3;3.2;
2022-06-04;.2;14.5;10.6;5.8;86.3;10.4;5.5;
2022-06-05;0;14.5;12.1;9.9;93.4;9.7;4.9;
2022-06-06;4.8;15.7;12.8;11.1;97.3;14.1;3;
2022-06-07;15.4;16.9;13.6;11.8;92.7;8;3.3;
2022-06-08;0;18;13.9;12.6;88;8.9;3.4;
2022-06-09;0;15.6;13.1;10.5;88;10.6;3.7;
2022-06-10;.2;14.4;11.3;10.4;89.7;11.2;2.4;
2022-06-11;.4;8.8;3.7;-.4;77.9;8;2.7;
2022-06-12;0;10.2;3.8;-1.5;68.9;8;2.7;
2022-06-13;0;18.5;8.3;1.5;68.2;5;2.1;
2022-06-14;0;17.3;9.8;2.7;81;10.4;4.6;
2022-06-15;0;19.3;10.9;5.6;83;7.9;3.3;
2022-06-16;0;24.2;15.7;7.5;67.6;6.1;2.4;
2022-06-17;3.2;18.5;16.1;12;84.5;16;4.3;
2022-06-18;53.6;13.4;7.4;3.6;79.9;10.5;2.8;
2022-06-19;0;15.8;6.8;-.4;80;8.1;3.7;
2022-06-20;0;18.9;10.5;3.3;85.4;8;2.9;
2022-06-21;3.4;20.1;13.5;6.5;89.4;16.2;4.1;
2022-06-22;79.4;21.3;15.4;11.7;91.2;14.9;2.9;
2022-06-23;72.4;18.6;16.2;13.5;96.2;15.4;2.1;
2022-06-24;40.8;22.1;17.9;15;89.4;8.2;1.8;
2022-06-25;.4;17.6;14.5;13.4;93.1;5.8;2;
2022-06-26;0;17.3;12.2;9;90.3;8;3.9;
2022-06-27;0;17.6;12.6;9.4;89.2;8.1;3.7;
2022-06-28;0;21.5;13.9;6.7;81.4;9.7;3.1;
2022-06-29;15.8;17.3;9.7;7;86.8;12.7;3.1;
2022-06-30;.2;17.4;8.3;.8;71;6.6;2.2;
2022-07-01;0;19.9;10.3;2.3;72.2;7;3.2;
2022-07-02;0;23.5;14.9;7.9;75.3;12.5;3.6;
2022-07-03;0;24.8;19.7;15.3;64.5;9.7;3.1;
2022-07-04;0;25.1;19.9;14.6;60.5;9.9;3.6;
2022-07-05;0;23.7;18.2;14.6;68.3;6.8;2.2;
2022-07-06;0;22.7;17.2;12.9;64;8.6;2.9;
2022-07-07;0;21.9;16.8;11.1;67.2;9.8;2.4;
2022-07-08;0;23.6;17.2;10.5;66.6;8.4;3.3;
2022-07-09;0;22.2;15.7;11.1;76.2;11;5.1;
2022-07-10;0;22.5;16.6;10.5;73;10.3;3.9;
2022-07-11;0;23.1;18.2;13.6;67.3;13.4;4.8;
2022-07-12;26.4;20.4;12.5;9.3;83.2;15.2;3.5;
2022-07-13;.4;16.2;8.7;.4;88.3;12.5;5;
2022-07-14;5.2;16.2;12.6;5.7;92.3;11.4;5.4;
2022-07-15;1.8;24.3;18;12.2;71.3;12;3.7;
2022-07-16;7.6;21.6;18.2;14.7;75;14.4;4.5;
2022-07-17;4.8;15.8;7.9;5.4;87.2;14.4;3.2;
2022-07-18;.2;21.3;11.4;3.8;85.7;8.2;3.7;
2022-07-19;12.4;17;14.1;11.6;94.4;10.8;2.2;
2022-07-20;.2;21.4;16.4;13.1;87.6;7;3.5;
2022-07-21;.2;23.6;17.3;12.9;79.7;9.8;3.4;
2022-07-22;.2;24;19.2;14.2;69;9.5;3;
2022-07-23;0;24.8;19.5;17;61.8;10;3.7;
2022-07-24;0;24.1;17.7;11.4;70.1;6.3;2.5;
2022-07-25;0;23.7;17.3;10.3;66.1;7.2;3.1;
2022-07-26;0;24.1;16.1;9.9;74.8;8.5;2.7;
2022-07-27;0;23;15.4;10;78.1;6.9;3;
2022-07-28;0;23.9;18.6;12.2;65.6;11;2.8;
2022-07-29;13.4;20.2;8;3.6;86.4;24.2;3.1;
2022-07-30;0;16.4;9;4.3;77.3;5.3;2;
2022-07-31;0;20.2;10.5;2.5;73.3;7.3;2.9;
2022-08-01;0;20.9;13.3;5.5;76.2;7.3;2.1;
2022-08-02;0;25.5;17.2;9.2;70.6;4.8;1.9;
2022-08-03;.2;24.1;16.9;11.4;75.7;11.7;4.2;
2022-08-04;0;20.2;16.4;12.6;77.4;13.2;4;
2022-08-05;10.4;14.9;11.9;9.6;84.8;10.2;2.6;
2022-08-06;.2;13.6;9.5;4.1;90.4;10.6;4;
2022-08-07;30.2;13.7;11.5;9.1;95;14.6;4.2;
2022-08-08;10.6;17.1;12.8;10.7;90.6;7.8;2.6;
2022-08-09;0;15;12.8;11;91;12.5;5.8;
2022-08-10;46;12.3;8;6.3;94.4;11.8;4.8;
2022-08-11;3.8;15.5;8.8;3.3;84.7;9.3;3.3;
2022-08-12;0;17.4;11.6;6.9;79.8;11.7;5.2;
2022-08-13;0;18.4;12.5;8.6;81.5;11.3;4.5;
2022-08-14;0;21.1;14.4;10.1;83.8;9.6;4.4;
2022-08-15;0;26.3;19.5;11.8;60.7;15.4;4;
2022-08-16;14.8;21.2;15.7;12.9;84;12.6;2.8;
2022-08-17;.2;21;15.1;9.9;85.8;11.8;4.5;
2022-08-18;46.2;16.1;11.1;11.9;93;12.6;2.9;
2022-08-19;4.4;9.3;3.9;-.6;69.8;9.5;2.6;
2022-08-20;0;14.5;6.6;.2;69.7;15.6;6.2;
2022-08-21;0;18.5;10.6;5.2;78.3;11.1;4;
2022-08-22;0;18.6;11.2;6.9;85.5;8.4;3.6;
2022-08-23;.2;21.3;12.9;7;75.4;9.6;3.9;
2022-08-24;.2;21.2;13.9;9;76.3;9.9;3.9;
2022-08-25;0;21.5;14;8;75.4;8;3.3;
2022-08-26;1.2;23.5;15.4;8.2;76.4;7;3;
2022-08-27;0;25.7;18.9;11.3;60.5;10.5;3.5;
2022-08-28;0;21.1;13.9;13.2;80.3;14.6;3.1;
2022-08-29;3.6;13.5;6.1;-.9;71.1;11;3.7;
2022-08-30;.2;14.4;8.1;2.2;79.3;16.6;6.9;
2022-08-31;0;19;11.3;5.7;71.2;14.6;6.4;
2022-09-01;0;23.5;14.9;9.2;77.4;12.1;5.2;
2022-09-02;6;18.5;14.6;11.9;88.4;14.2;3.5;
2022-09-03;21;13.5;10.6;8.1;76.7;10.9;3.5;
2022-09-04;0;15.6;6.9;-.8;72.9;12.1;5;
2022-09-05;0;14.9;9.7;4;77.8;10.6;5;
2022-09-06;0;14.9;11.8;9.9;91.8;13.8;5.3;
2022-09-07;12.4;16.3;12.9;11.6;88.9;13.2;4.6;
2022-09-08;1;27.2;18.1;8.3;77.3;7.9;2.4;
2022-09-09;.2;25.7;22.1;18.9;67.8;14.3;4.5;
2022-09-10;.8;22.8;13.2;9.1;74.3;8.4;3.2;
2022-09-11;.2;18.9;10.3;2.2;77;13.5;5;
2022-09-12;17.4;13.1;11.4;9.2;95.5;12.4;4.7;
2022-09-13;8;20.2;14.9;10.7;84.2;7.6;1.8;
2022-09-14;0;17.2;12.5;8.6;80.9;6.6;2.7;
2022-09-15;0;18.8;13;9;77.4;7.5;3.5;
2022-09-16;0;17.8;12.7;9.8;77.1;12.1;5.1;
2022-09-17;0;17.5;12.1;8;71.7;14.2;6.7;
2022-09-18;0;20.8;13.2;8;69.5;19;8.2;
2022-09-19;0;13.2;11.4;10.6;91.2;13.4;5.1;
2022-09-20;12;20.9;14.8;10.6;82.8;6.5;1.9;
2022-09-21;.2;18;13.9;11.6;89.3;11.1;5.1;
2022-09-22;2;15.6;12.7;11.4;84;12.9;3.9;
2022-09-23;0;13.3;7.3;2.3;70.8;12.6;2.7;
2022-09-24;0;19.5;10.4;2.2;63.9;9.9;3.3;
2022-09-25;.2;15.9;11.1;9;85.9;12.1;5.1;
2022-09-26;10;18.4;13.9;9.8;89.7;13.9;2.2;
2022-09-27;.2;19.8;15.7;9.8;83.2;6.5;1.9;
2022-09-28;0;16.1;13.4;12.8;89.1;9.3;4.1;
2022-09-29;1.2;11.5;10.2;9.1;91.1;13.1;6.2;
2022-09-30;6.4;17.5;12.6;8.8;86.8;12.6;5.1;
2022-10-01;3.8;21;15.4;11.7;81.5;8.9;2.4;
2022-10-02;0;21.7;15.2;8.6;71.4;8.7;2.8;
2022-10-03;0;21.7;14.8;8.2;71;7.4;2.9;
2022-10-04;0;23.4;15.6;9.6;74;6.9;2.8;
2022-10-05;0;26.2;17.5;12.8;78.1;9.9;4.4;
2022-10-06;31.8;19.4;15.4;13.2;91;19.3;5.6;
2022-10-07;16.2;17.4;13.3;10.6;84.5;12.1;3.7;
2022-10-08;0;23.3;15.4;8.3;64.6;9.5;2.1;
2022-10-09;0;19.2;14.7;13.1;71.5;8.5;2.4;
2022-10-10;31.6;12.1;11.2;10.8;95.4;15.8;6.7;
2022-10-11;77.2;14.7;13;10.7;96.5;14.2;5.3;
2022-10-12;43.4;19.3;15;12.6;90.7;11.7;1.8;
2022-10-13;.4;24.2;17.6;12.5;83;7.4;2.2;
2022-10-14;8.6;18.8;15.2;12.8;89.8;11.2;3.5;
2022-10-15;0;19.2;14.7;12.6;84.8;15.1;7.2;
2022-10-16;18;22.5;16.9;12.9;82.4;11.6;3.5;
2022-10-17;0;24.3;17.7;12.2;77.8;6.9;2.2;
2022-10-18;6.6;18.7;14.6;13.2;91.5;11.6;5.5;
2022-10-19;3.8;25.1;18.5;13.2;78.9;8.9;2.9;
2022-10-20;31.2;21.7;17;14.5;89.7;11;3.8;
2022-10-21;2.2;21;16.2;13.9;85.1;10.9;2.8;
2022-10-22;7;22.4;16.3;11.5;78.9;8.9;2.2;
2022-10-23;0;23.5;17.3;12.2;74.3;7.8;2.7;
2022-10-24;0;24.1;17.5;10.2;64.5;6.7;2.6;
2022-10-25;0;26.9;19;11.7;66.5;8.7;3.6;
2022-10-26;0;26.7;19.7;14.5;71.2;11.3;5.2;
2022-10-27;.2;23.4;18.2;14.1;78.9;13.6;3.3;
2022-10-28;0;27.1;20.1;12;68.4;7.8;2.5;
2022-10-29;1.2;21.9;16.8;15;86;21.1;3.1;
2022-10-30;.6;22.3;17.1;12.3;86.4;10.6;2.6;
2022-10-31;9.8;18.7;14.4;14;95.9;17.2;4.2;
2022-11-01;10.2;11.3;7.3;5.2;85.3;13.9;4.5;
2022-11-02;.2;17.7;10;1.8;64.4;9.4;3.4;
2022-11-03;.2;20.3;13.5;6.5;63.1;8.7;3.4;
2022-11-04;0;21;14.5;9.1;66.1;8.9;3;
2022-11-05;0;20.9;14.2;8.2;66.3;8.8;4;
2022-11-06;0;21.4;13.8;9.2;66.4;12.9;5.4;
2022-11-07;0;21.3;13;6.3;71;9.7;3.8;
2022-11-08;1.8;20.6;13.2;8.4;73.1;9.5;3.9;
2022-11-09;1.2;22.6;14.7;7.4;67.7;8.8;2.7;
2022-11-10;0;26.4;18.5;9.9;58.7;8.3;2.9;
2022-11-11;0;21.3;15.6;13.5;89;11.6;4.7;
2022-11-12;.4;26;18.8;12.8;75.7;9.2;3.7;
2022-11-13;1.4;19.7;17.5;15.5;91.3;12.5;4.9;
2022-11-14;11.4;23.3;18.9;15.8;75.3;13.5;4;
2022-11-15;0;22.4;16.8;10.6;55.3;11.8;3.2;
2022-11-16;0;25;19;12.5;44;9.9;3.4;
2022-11-17;0;26.6;19;9.8;49.9;10.2;3.8;
2022-11-18;0;26.8;18.9;11.1;47.3;13.7;5.7;
2022-11-19;0;26.3;18.2;11.1;63.2;12.1;6.3;
2022-11-20;0;28.7;19.8;12.3;63.5;13.3;5.2;
2022-11-21;0;28.6;20.6;16.5;73.6;12.5;4.6;
2022-11-22;13;22.5;18.7;16.1;89.3;9.7;2.6;
2022-11-23;null;25.2;20.3;16.4;73.1;9.9;2.1;
2022-11-24;0;26.6;19.8;13;63.4;8.1;3.1;
2022-11-25;0;27;19.6;12.3;67.7;10.9;3.3;
2022-11-26;0;27.7;18.6;11.8;74;14.7;4.5;
2022-11-27;2.2;24.8;18.7;16;82.8;15.5;6.2;
2022-11-28;.2;24.1;17.6;12.9;79.7;13.5;5.7;
2022-11-29;1.2;26.5;18.1;14.1;83.7;14.9;5.3;
2022-11-30;2.2;27;18.5;15.7;87;13.2;4.6;
2022-12-01;17.8;27.8;19.2;16.6;85.7;10.6;3.5;
2022-12-02;10;30.2;21.4;16.6;77.8;10.2;2.8;
2022-12-03;5;27.6;22.4;17.3;77.1;7.6;2.9;
2022-12-04;0;28.1;22.1;18.8;78.6;11.5;3.3;
2022-12-05;0;27.8;21.3;17;80.4;10;2.6;
2022-12-06;0;30.5;22.5;18.5;76.5;17.6;3.6;
2022-12-07;3.6;31.3;22.9;14.6;66.8;9.6;3;
2022-12-08;.2;32.2;24.5;17.4;65;10.3;3.3;
2022-12-09;0;31.9;23.2;18.9;75.6;23.3;2.8;
2022-12-10;55.8;30.9;22.4;17.6;78.7;9.3;3.1;
2022-12-11;7.4;30.5;23.2;18.8;79.7;12.7;3.2;
2022-12-12;.4;29.2;22.1;18.8;82.6;8.6;2.4;
2022-12-13;2.8;24.4;18.9;13.8;64.1;12.8;4;
2022-12-14;0;26.3;19;13.2;65.8;9.6;3.6;
2022-12-15;0;27.6;20.1;14.6;65.2;10.3;3.9;
2022-12-16;0;26.2;20.3;15.3;65.6;11.5;3.3;
2022-12-17;0;26.2;18.6;14.6;71;11;4.2;
2022-12-18;18.2;17.9;15.6;13.7;90.2;12.8;6;
2022-12-19;18;23.5;17.9;13.8;82.2;13;5.4;
2022-12-20;32;24;17.9;13.9;81.7;10.1;4.9;
2022-12-21;0;25.1;18.6;14.4;74.4;11;4.4;
2022-12-22;0;24.8;18.6;14.6;69.7;12;4.8;
2022-12-23;0;26.6;18.9;12.2;64.5;11.9;4.9;
2022-12-24;0;27;20.2;14.2;67.4;12;4.3;
2022-12-25;0;24.9;19.4;17;79.8;11.8;4;
2022-12-26;2;28.3;21.3;15.4;70.8;9.1;2.5;
2022-12-27;0;28.6;21;16.6;78.6;12.7;3.7;
2022-12-28;2.4;24.2;19.5;16.8;78;13.4;4.1;
2022-12-29;0;26.2;20.1;13.8;50.8;8;2.4;
2022-12-30;0;27.9;20;12.3;63.8;9;3.3;
2022-12-31;0;29.1;21.8;15.1;68.3;9.1;3.5;
2023-01-01;0;31.1;23.1;16.4;67.8;10.4;4;
2023-01-02;0;25.8;21.6;18.1;77.8;9.6;3.7;
2023-01-03;0;28.6;21.4;18.2;78.5;12.6;2.2;
2023-01-04;14.6;24.4;18.3;13.6;76.8;9.8;3.7;
2023-01-05;.2;24.9;18.3;10.7;61.9;11;3.9;
2023-01-06;0;25.4;18.7;12.1;63.9;12.7;5.5;
2023-01-07;0;24.3;17.8;12.1;70.8;12.4;5.6;
2023-01-08;0;25.3;18.2;12;70.1;11.8;4.3;
2023-01-09;0;25.5;19.3;14.9;70.1;9.6;4.1;
2023-01-10;0;24.8;19.7;16.8;77.6;11.7;3.6;
2023-01-11;0;29.1;21.8;15.3;65.8;11;3.1;
2023-01-12;0;29.6;21.8;16.7;71.2;11.6;3;
2023-01-13;26.8;26.6;19.7;16.5;85.2;17.3;2.7;
2023-01-14;7;26.1;20.7;15.6;81.4;8.6;2.1;
2023-01-15;5;22.4;20.3;18.1;88.4;11.2;3.6;
2023-01-16;1;28.2;22;18.7;82.1;14.2;2.7;
2023-01-17;14;27.6;20.7;17.8;89.4;13.8;3.6;
2023-01-18;33.8;27.7;20.8;17;83;18.1;4;
2023-01-19;6.8;27.2;21.3;17.2;79.1;13.3;3.9;
2023-01-20;0;27.4;21.1;16.6;78;11.4;3.4;
2023-01-21;0;29;22.2;16;74.9;9.2;3;
2023-01-22;1.4;26.4;21.9;19.2;80.9;10.9;3;
2023-01-23;3.4;27.5;20;16.3;83;19.5;3.1;
2023-01-24;1.6;28.8;20.9;12.4;65.5;7.5;2.3;
2023-01-25;.2;30.6;23.1;14.8;60.5;7;2.6;
2023-01-26;0;29.6;23.2;17.6;67.5;8;3.9;
2023-01-27;0;29.3;21.7;14.1;63.8;10.3;3.8;
2023-01-28;0;31;23.2;15.7;63.1;7.3;2.8;
2023-01-29;0;28.3;21.3;17.9;82;14.2;2.8;
2023-01-30;2.8;24.9;19.7;16.4;88;11.6;2.4;
2023-01-31;10.8;26;21.2;17.1;83.7;8;2;
2023-02-01;1.2;28;22.4;18.2;78.7;6.8;2;
2023-02-02;0;27.1;22.2;17.3;81.4;10;2.5;
2023-02-03;1.4;24.9;20.3;18.2;89.1;13.2;3;
2023-02-04;7.4;24.5;18.9;16.1;87.2;10.8;2.4;
2023-02-05;.2;24.4;19;14.2;74.6;9.9;2.5;
2023-02-06;0;26.8;21.5;12.7;50.3;7.5;1.6;
2023-02-07;0;28.6;21.6;14;60.8;8.7;2.6;
2023-02-08;0;29.4;22.4;15.8;63.1;9.4;3.2;
2023-02-09;0;27;20.3;15.9;79;13.3;3.3;
2023-02-10;2.2;26;19.4;16.7;84.4;10.6;2.4;
2023-02-11;0;28.2;20.8;13.9;71;11.1;3.2;
2023-02-12;null;29.2;null;16.5;68;7.1;2.9;
2023-02-13;0;30.1;22.6;15.7;66.5;8.8;3.4;
2023-02-14;0;24.6;21.3;19.2;85.9;10.1;3.1;
2023-02-15;3.6;23.2;20.1;17.4;87.6;8.9;1.9;
2023-02-16;.2;27.1;21.1;15.5;78.5;7.9;1.8;
2023-02-17;1;21.8;18.7;17.4;89.5;9.4;2.2;
2023-02-18;21.8;19.8;14.4;10.6;73.5;7.5;2;
2023-02-19;0;20.1;14.6;10.3;80.7;13.2;5.6;
2023-02-20;1.4;17.6;16;14.5;94.6;10.6;3.4;
2023-02-21;35.2;24.5;18.8;14.9;84.2;8;2.3;
2023-02-22;.2;27.3;20.9;16.6;78.4;8.3;3.4;
2023-02-23;0;24.8;18.8;17.9;87.9;12.8;4.1;
2023-02-24;9.2;21.9;18.1;15.7;91.6;9.1;2.1;
2023-02-25;5.4;26;20.6;16.4;82;10.8;2.6;
2023-02-26;.2;22.1;19.3;17;80.4;8.6;2.2;
2023-02-27;.8;25.9;18.5;12.5;78.2;16.2;3.6;
2023-02-28;0;25.3;19.6;15.7;80.9;9;4.2;
2023-03-01;0;26.7;20.4;17.3;80.9;10;3.6;
2023-03-02;3.6;26;18.9;14.6;87.6;11.1;2.4;
2023-03-03;4.2;25.3;20;17.6;88.3;9;3.5;
2023-03-04;5.6;25;20.3;18.6;87.2;11.7;4.1;
2023-03-05;3;24.3;19.6;17.5;87.6;10.2;2.8;
2023-03-06;7.8;21.5;18;15.9;92.1;9.2;1.9;
2023-03-07;6.6;26.4;20.2;16.4;84.9;9.4;2.1;
2023-03-08;3.4;28.1;21.8;17;78.4;9.9;3.1;
2023-03-09;46.8;26.5;20.1;17;83;7.8;2.3;
2023-03-10;.2;26.9;20.2;15.9;82.7;9.2;3.2;
2023-03-11;1.6;26.4;20.6;16.7;83.9;14.7;3.7;
2023-03-12;4.6;24.8;19.8;16.5;84.7;12.4;5.2;
2023-03-13;0;23.9;20.1;17.7;85.5;12.8;5.6;
2023-03-14;0;24.1;20;16.9;84.3;11.7;5.3;
2023-03-15;0;25.7;20.8;17.6;79.5;11.4;5.2;
2023-03-16;0;27.2;20.4;15.1;78.2;10;4.6;
2023-03-17;0;27.8;20.9;16;79.3;9.1;4.1;
2023-03-18;null;28.5;null;15.9;65.8;7.6;2.5;
2023-03-19;0;28.7;21.2;13.8;65.6;7.7;2.5;
2023-03-20;0;29.3;23.5;18;53.3;9.2;2;
2023-03-21;0;29.3;22.4;16.4;73.7;10;2.5;
2023-03-22;null;28;null;16.3;81.7;11.5;3.7;
2023-03-23;.4;28.5;21;17.3;84.8;13;3.2;
2023-03-24;11.8;28.9;21.7;16.3;79.6;8.6;2.1;
2023-03-25;0;27.9;20.7;17.3;86.1;8.8;3.5;
2023-03-26;18.4;24.1;19.5;17.7;84.7;10.3;2.7;
2023-03-27;.2;24.1;17.3;11.6;75.2;8.3;3.1;
2023-03-28;0;26.5;19.4;15.1;77.9;12;4.1;
2023-03-29;0;27.5;19.5;17.4;87.7;19.9;3.6;
2023-03-30;32.4;22.9;18.3;15.1;85.6;10.4;2.5;
2023-03-31;0;25.6;20.3;15.1;78;9.4;2.1;
2023-04-01;.2;22.9;18.4;15.2;73.1;8.8;2.8;
2023-04-02;0;25.7;15.2;6.9;66.4;7.8;3.4;
2023-04-03;0;26;18.7;11.7;71.1;12;3.6;
2023-04-04;0;26.3;19.7;13.1;67.5;8.2;2.2;
2023-04-05;0;25.6;18.7;15.4;81;8.3;3.7;
2023-04-06;11.2;17.2;15.8;15.7;96;9.2;3.6;
2023-04-07;39.2;18.3;15.6;13.9;93.3;10.7;4.9;
2023-04-08;0;22.4;17.2;14.8;88.3;8.2;4.1;
2023-04-09;0;24.1;18.4;15.1;81.8;9.4;4.2;
2023-04-10;0;24.7;18.6;14.6;80.3;8.2;3.1;
2023-04-11;0;26.3;19.1;13.8;73.1;8.7;2.9;
2023-04-12;0;26.7;20;13.3;67.2;8.6;2.2;
2023-04-13;0;25.4;20.1;13.2;64.7;6.3;1.6;
2023-04-14;2.4;20.3;17.3;15.8;89.9;9.8;4.1;
2023-04-15;10.4;22.5;17.5;15.4;85;11;4.9;
2023-04-16;0;22.1;17.4;15.6;88.6;8.6;3.8;
2023-04-17;15.6;21.9;17.6;16;93.6;6.8;1.8;
2023-04-18;8.4;20.7;16.7;13.9;80.6;8.5;2.4;
2023-04-19;.2;15.4;11.7;9.1;73;17.4;4.4;
2023-04-20;0;16.6;9.8;5.1;77.8;12.1;2.3;
2023-04-21;0;21.9;12.7;4.8;73.1;10.5;4.4;
2023-04-22;.2;22.2;14.6;8.6;80.4;9.4;3.9;
2023-04-23;0;22.9;15.5;11.1;80;10.9;4.7;
2023-04-24;0;24;16.8;12.2;76.7;10.7;4.3;
2023-04-25;0;22.5;16.5;12.6;78.5;11.2;4.2;
2023-04-26;9;20.8;16.1;14.1;86.9;11.8;3.1;
2023-04-27;1.4;18.5;14.8;12.6;84.5;6.1;1.6;
2023-04-28;.2;21.7;14.2;8.3;81.3;7.5;3;
2023-04-29;0;22.3;15.6;10.6;78.1;10.4;3.9;
2023-04-30;0;22.3;16.2;12;79.3;10;4.3;
2023-05-01;0;24.8;17.3;8.8;77.1;7.5;2.5;
2023-05-02;0;25.3;19;13.8;76.3;8.4;2.9;
2023-05-03;null;22.7;null;16;93.6;7.3;null;
2023-05-04;null;18.3;17;17.1;96.5;7.4;1.7;
2023-05-05;40;21.8;17.7;15;91.6;9.7;3.6;
2023-05-06;0;26.2;20.5;16.8;83.7;10;3.5;
2023-05-07;0;25.3;19.7;16.5;81.8;10.5;3.8;
2023-05-08;27;19.2;16.4;15.3;95.5;9.6;2;
2023-05-09;1.6;19.5;14.5;11.3;79;6.4;1.5;
2023-05-10;0;18.7;11.8;5.2;77.6;8.2;2.2;
2023-05-11;0;15.2;10.6;7.2;80.3;6.6;1.8;
2023-05-12;0;16.6;10;4;74.7;6.5;3;
2023-05-13;0;17.4;10.7;3.6;75.9;5.8;2.3;
2023-05-14;0;20.1;13.9;9.1;61;6.5;1.6;
2023-05-15;0;22.2;16;10.1;52.4;7.8;1.7;
2023-05-16;0;23.1;15.4;9.4;61.8;5;2.2;
2023-05-17;0;20.2;12.7;6.7;82.1;6.8;3.4;
2023-05-18;.2;24.4;14.1;7.8;74.2;9.8;3.3;
2023-05-19;.2;25.1;14.8;6.1;70.5;6.9;2.8;
2023-05-20;0;22.2;12.9;4.6;68.9;5.6;2.6;
2023-05-21;0;22.2;15;8;70.3;8;3.2;
2023-05-22;0;21.6;15.5;11.9;75.7;10.3;3.3;
2023-05-23;0;24.6;16.5;10.2;79.6;5.7;2.4;
2023-05-24;0;23.5;16.7;10.7;73.8;10;4.4;
2023-05-25;0;22.9;16.7;12.1;75.7;11.1;5.2;
2023-05-26;0;23.1;17.1;13.1;78.4;13.1;4.8;
2023-05-27;7.2;18.3;16;14.4;90.1;11.3;2.9;
2023-05-28;4.6;15.8;13.6;12.9;92.9;8;3.3;
2023-05-29;0;15.4;12.8;10.9;91;8.2;3.8;
2023-05-30;0;15.6;12.8;10;87;9.1;4.4;
2023-05-31;0;20.4;13.9;9.2;80.9;7.2;2.2;
2023-06-01;.2;21.2;14.7;7.6;73.2;5.7;1.9;
2023-06-02;0;22.1;14;6.4;69.4;9.7;3.8;
2023-06-03;0;21.7;13.8;6.6;77.6;7.8;3.4;
2023-06-04;.2;21.3;14.8;6.9;79.5;7;2;
2023-06-05;0;20;15.3;10.1;77.1;7.1;1.8;
2023-06-06;0;20.9;14.2;8.8;80.3;10;4.3;
2023-06-07;0;21.3;14;7.9;80.5;7.3;2.5;
2023-06-08;.2;23.2;15.9;9.3;74.3;6.7;2.4;
2023-06-09;0;23;16.5;10.1;69.8;8.7;2.2;
2023-06-10;0;24.4;18.3;13.7;61.1;12.6;2.8;
2023-06-11;0;19.6;15.2;15.3;83.9;10.6;2.1;
2023-06-12;10.2;11.2;8.8;7.4;94.5;5.7;2.2;
2023-06-13;0;9.7;7.1;5.6;96.3;9.3;4.3;
2023-06-14;8.4;11.4;9.1;7;96.3;12;4.6;
2023-06-15;9.4;13.2;11.1;8.8;94.6;14.6;5.7;
2023-06-16;13.4;11.7;9.7;8.9;96.5;11.9;4;
2023-06-17;4.2;11.6;8.9;7.9;87.3;8;1.9;
2023-06-18;0;12.7;7.1;3.4;75.7;5.1;1.4;
2023-06-19;0;17.5;7.8;1;82;7.6;4;
2023-06-20;0;18.9;10.3;4.3;78.3;9.7;3.5;
2023-06-21;.2;15.2;11.9;7;87.1;7.5;3.3;
2023-06-22;3.4;21.4;15.7;10.1;87.5;10.5;2.4;
2023-06-23;62.4;15;13.7;12.9;95.4;18.4;3.3;
2023-06-24;54;23.9;17.8;12.8;74.4;8.6;1.9;
2023-06-25;.2;23.6;18.7;14.2;70.2;8.1;2.2;
2023-06-26;0;22.7;18.1;14.2;66.6;6.3;2;
2023-06-27;0;22.7;16.8;9.7;67.1;4.6;1.4;
2023-06-28;0;21.1;15.6;11;75.8;13.4;2.7;
2023-06-29;2.2;18.4;13.3;10.3;88.5;7.1;2.5;
2023-06-30;0;15.9;13.6;10.5;92.6;8.3;2.5;
2023-07-01;4.4;17.6;14.8;12.6;93.8;5.5;1.2;
2023-07-02;.2;20.9;13.6;7.3;90.3;6.7;2.2;
2023-07-03;0;17.7;13.7;9.3;84.6;9.6;4.4;
2023-07-04;.2;17;11.6;8.1;84.4;9;4.1;
2023-07-05;.2;19.7;12.2;4.4;78.1;7.3;2.6;
2023-07-06;0;22.7;15.9;8.9;68;6.4;2.4;
2023-07-07;0;22.3;16.5;12.3;74.5;6.3;2.5;
2023-07-08;47.6;19.1;15.2;12.6;93.7;11.4;2.7;
2023-07-09;8.6;18.4;14.8;12.9;93.7;7.8;4;
2023-07-10;0;17;15.1;12.8;96.5;8.8;2.4;
2023-07-11;14.8;16.5;15.7;13.8;97.7;7.5;2.2;
2023-07-12;56.6;19.6;16.2;14.4;91.7;14.5;4.2;
2023-07-13;19.8;15;9.4;6.7;93.4;19.6;6;
2023-07-14;4.4;8.3;5.3;3.3;90.5;10.1;2;
2023-07-15;.4;15.1;8;1.5;80.5;9.8;3;
2023-07-16;0;16.9;11.7;7.1;72.3;6.3;1.8;
2023-07-17;0;15.1;11.9;9.2;79.9;6;1.3;
2023-07-18;0;11.6;9.4;7.2;93.5;7.8;3;
2023-07-19;0;13;9.3;6.7;88.2;12.6;6.4;
2023-07-20;0;17.5;12.2;8.5;85;13.3;6.8;
2023-07-21;0;21.6;14.5;11.5;86.5;12.5;5.3;
2023-07-22;0;20.5;15.5;11.9;83.9;12.3;5.9;
2023-07-23;0;23.7;16.6;9.6;78.1;9.3;2.5;
2023-07-24;.2;22.5;18.4;14.6;71.2;6.1;1.9;
2023-07-25;0;23.9;18.7;15;59.6;6.7;2.3;
2023-07-26;0;23.4;18.6;15.3;66.5;11.1;3;
2023-07-27;15;20.1;15.6;11.9;91.2;21.2;1.5;
2023-07-28;.4;16.3;12.9;13.2;94.1;7.4;2.3;
2023-07-29;9.2;14.1;7.8;2.8;89.2;7.4;3.4;
2023-07-30;.2;19.9;12.1;3.7;83.4;8.5;3.1;
2023-07-31;0;20.7;13.3;6.4;85.8;6.7;2;
2023-08-01;.2;22.5;15.4;7.9;79;7.1;2.3;
2023-08-02;0;23.4;17.7;10.8;65.6;7.1;1.9;
2023-08-03;0;22.9;17.8;13.2;70;6.1;1.8;
2023-08-04;0;23.3;17.4;10;72.4;10.3;2.9;
2023-08-05;0;25.8;19.8;12.1;62.4;5.1;1.5;
2023-08-06;0;25;18;10.5;64.8;9.6;3.5;
2023-08-07;0;23.6;16.8;16.4;74.6;11.9;1.8;
2023-08-08;6.6;15.4;12.2;10.7;89.5;15.5;6.6;
2023-08-09;4;15.9;11.7;9.3;90.1;16.8;6.9;
2023-08-10;5.4;19.3;15;10.6;91;7.9;4;
2023-08-11;43;17.4;15.2;12.3;89;14.7;3.9;
2023-08-12;17.6;16.6;13.1;13;95.3;12.9;2;
2023-08-13;7.2;17.3;8.8;1.7;71.7;6.2;1.9;
2023-08-14;.2;21;11;4.3;82.2;5.2;2.3;
2023-08-15;.2;22.9;13.8;5.8;78.8;6.9;2.9;
2023-08-16;0;23.2;14.7;8.3;81.9;9.1;4.1;
2023-08-17;.2;26.3;18.6;10.6;76.3;7.5;2.2;
2023-08-18;0;25.9;17.9;17.2;78;16.9;4.6;
2023-08-19;10.6;16.4;12.5;10.8;86;9.5;2.4;
2023-08-20;0;18.7;13.1;8;84.1;8;1.9;
2023-08-21;.8;21.6;16.2;12.8;84;8.7;1.7;
2023-08-22;0;26.4;19.5;12.2;71.6;12.6;3.7;
2023-08-23;0;28.2;23.2;19.1;62.5;17.9;3.6;
2023-08-24;0;22.7;19.3;18;75.8;9.1;2.4;
2023-08-25;5;13.7;10.1;8.5;92.3;11;4.8;
2023-08-26;0;14;8.9;3.8;62.1;9.3;4.1;
2023-08-27;0;14.7;7;.5;70.2;8.9;3.3;
2023-08-28;0;15.5;8.8;3.5;77.6;9.8;4.4;
2023-08-29;0;18.8;11.1;5.1;75.4;11.3;4.1;
2023-08-30;0;21.7;12.7;5.5;77.2;6.8;3;
2023-08-31;.2;23;15.5;8.6;74.5;8.1;3;
2023-09-01;0;20.7;16;10.4;70.8;13.4;5;
2023-09-02;13.2;20.3;15.3;12;87.5;19.7;4.1;
2023-09-03;.2;24.9;19.1;13.7;85.8;13;3.3;
2023-09-04;11.2;27.5;21.5;19;82.7;22.9;4.8;
2023-09-05;24.8;19.1;13.9;10.7;84.7;15.6;3.2;
2023-09-06;.2;17.6;13.3;10.3;82.8;13.6;6.9;
2023-09-07;0;22.3;15.4;12;79.5;17.3;8.5;
2023-09-08;17.6;17.9;15.8;14.2;89.1;15;3.3;
2023-09-09;7.2;18.8;15.3;12.9;90.9;6.9;1.7;
2023-09-10;1.4;25.4;18.7;14;81.6;6.9;2.6;
2023-09-11;0;29.4;20.5;13.2;73.6;9.8;3.6;
2023-09-12;.2;29.7;22.2;18.5;65.7;13.6;4.2;
2023-09-13;0;22.8;18.9;18.3;81.5;14.5;4.6;
2023-09-14;8.2;14.1;9.8;7.1;79.8;13.8;3.4;
2023-09-15;0;20.1;11;1.9;61.2;6;2.2;
2023-09-16;0;26.1;15.9;6.7;63.5;8;3.2;
2023-09-17;0;30.1;22.9;14.7;53;8.5;2.8;
2023-09-18;0;31.4;25.5;20.9;52;12.1;3.9;
2023-09-19;0;24.7;17.9;16.7;89.4;12.1;5.3;
2023-09-20;28.4;27.4;19.9;15;85.6;9.3;3.4;
2023-09-21;0;29.9;22;16.9;77.5;9.4;3.8;
2023-09-22;.4;28;21.4;18;72.2;16.6;3.7;
2023-09-23;0;30.4;22.1;17.1;70.7;16.9;3.6;
2023-09-24;0;32.1;24.9;17.7;69.7;16.8;3.3;
2023-09-25;null;25.7;19.5;19.2;91.3;18.5;4.8;
2023-09-26;28.4;31.3;21.4;15.4;80.7;23.3;4.8;
2023-09-27;43.2;21.3;16.1;13.7;89.9;10.5;3.1;
2023-09-28;.2;19.5;11.6;5.4;80.3;15.5;6.3;
2023-09-29;0;20.1;14.8;11.4;81;14.6;6.1;
2023-09-30;null;18.1;null;13.8;93.8;7.9;3.1;
2023-10-01;1.2;21.8;17.1;14.3;79.2;6.6;2.5;
2023-10-02;0;24.1;16.8;9.5;61.7;7.7;2.2;
2023-10-03;0;28.2;20;12.3;74.3;13.9;3.7;
2023-10-04;66.6;22;17.3;15.6;95.7;15.3;4.5;
2023-10-05;27.4;20.7;16.1;13.7;92.3;8.4;2.2;
2023-10-06;3.4;22.8;17.7;14.8;90.4;9;3.7;
2023-10-07;65;19.4;16.2;16.5;96.3;17;4.3;
2023-10-08;35.6;16.9;15.4;14.3;95.1;14.3;3.8;
2023-10-09;8.2;22.9;16.6;12.9;79;6.6;2;
2023-10-10;.2;25.6;17.9;12.5;74.5;10.8;4.9;
2023-10-11;0;24.7;17.6;14.2;85.2;12.7;4.8;
2023-10-12;59.8;16.8;14.3;13.8;96;11.4;5.1;
2023-10-13;1.6;17.5;12.3;10.1;91.3;9.5;4.8;
2023-10-14;0;20.4;13.6;9.8;80.8;13.1;6.6;
2023-10-15;0;24.2;16.1;12;80.2;11.4;6;
2023-10-16;1.2;25;18.2;15.3;88;22.2;5.1;
2023-10-17;69.8;17.9;null;14.7;94.7;13.2;2.9;
2023-10-18;9.2;18.2;16.2;14.1;95.6;9.8;3.3;
2023-10-19;8;16.4;13.7;12;94.7;12;5.2;
2023-10-20;0;25.3;17.1;12.2;81.4;13.5;3.8;
2023-10-21;0;26.6;18.3;13.8;81.5;9.7;5.3;
2023-10-22;0;27.9;20.1;14.6;73.5;11.7;4.5;
2023-10-23;0;27.1;21.3;16;75.3;8.5;3.2;
2023-10-24;0;22.9;20;17;82.9;14.2;2.8;
2023-10-25;0;26;20.1;16.7;71.4;11.2;2.2;
2023-10-26;0;26;18.9;11.2;61.9;10.3;2.3;
2023-10-27;0;20.8;17;14.6;84.4;14.1;5.3;
2023-10-28;53.8;17;15.8;14.9;95.3;10.9;4.6;
2023-10-29;33.2;26.3;19.8;15.4;82.9;13.6;3;
2023-10-30;0;25.4;18.5;16.7;88.9;15.1;2.9;
2023-10-31;19.8;23.8;18.7;15.6;84;5.3;1.6;
2023-11-01;null;26.5;null;16;78.4;12.1;4.9;
2023-11-02;31.6;20;16.1;14.2;89.7;15.2;6.8;
2023-11-03;48.4;18.5;15.7;14.7;95.6;14.8;4.8;
2023-11-04;17.2;16.6;10.8;7.1;79;12.4;3.8;
2023-11-05;0;26;15.2;4.5;56.9;9.3;3.3;
2023-11-06;0;27.5;18.1;9.4;62.1;9.2;4.5;
2023-11-07;0;30;19.4;10.7;62;13;5.7;
2023-11-08;0;31;21.9;13.6;68.8;8.2;3.6;
2023-11-09;11.8;24.4;19.1;17.4;86.5;17.8;4.1;
2023-11-10;6.2;28;21.2;16.2;78.1;11.4;4.8;
2023-11-11;0;33;25.1;18.6;69.3;15.3;5;
2023-11-12;0;34.5;26.2;18.3;65;12.7;3.7;
2023-11-13;1.6;27.3;19.4;19;90.3;10.4;4.1;
2023-11-14;23.4;18.5;17;16.7;95;11.5;2.9;
2023-11-15;27.6;19.8;17.6;15.8;92.7;15;4.5;
2023-11-16;75.8;20.7;18.5;15.9;96;23.1;4.2;
2023-11-17;105.2;23.4;19.4;17.2;95.2;20.3;4.7;
2023-11-18;26.2;24;18.6;17.4;89.3;15.1;3.8;
2023-11-19;4.4;26.2;18.1;10.9;73.9;9.3;3;
2023-11-20;0;28.4;20.3;13.9;67.6;11.2;3.7;
2023-11-21;0;29.1;21.6;15;70.4;8.3;3.1;
2023-11-22;0;28.2;21.1;17.7;86;13.2;3.4;
2023-11-23;35;24.2;19.8;17;87.3;9.4;3.6;
2023-11-24;null;24.7;null;12.5;59.4;10.2;3.8;
2023-11-25;0;26.4;18.7;11.5;57.3;10.4;4.5;
2023-11-26;0;26.5;19.3;13.3;67.8;9.7;4.4;
2023-11-27;0;21.1;17.6;15.2;85.7;10.7;4.5;
2023-11-28;27.2;21.6;null;16.5;94.6;8.2;4;
2023-11-29;18;28;21.8;16.9;80.8;8.9;2.4;
2023-11-30;0;29.4;null;18.7;70.8;11.1;2.4;
2023-12-01;0;32.3;25.5;17.9;65.5;9.3;2.9;
2023-12-02;0;33;25.6;20.6;74;10.4;3.1;
2023-12-03;0;31.7;23.3;19;77.8;14.9;3.3;
2023-12-04;null;23.7;20.4;19.9;94.7;10.5;3.8;
2023-12-05;45.2;22.4;18.9;16.8;90.1;12.1;6.3;
2023-12-06;0;26.7;21.9;18.4;81.3;11.5;4;
2023-12-07;17.2;25;20;18;92.7;13.5;2.5;
2023-12-08;10;20.9;17.9;15.7;87.7;8.7;3;
2023-12-09;.2;23.2;17.4;14.3;82.8;12;6.1;
2023-12-10;4.6;20.3;16.6;14.3;89;14.4;4.6;
2023-12-11;8.4;26.1;19.2;14.5;77.6;7.5;3.1;
2023-12-12;.2;28.1;21.1;15.6;67.3;12.7;4.9;
2023-12-13;0;28.5;21.8;15.7;64.5;11.3;4.1;
2023-12-14;0;31.6;24.1;17.6;65.2;9.5;3.2;
2023-12-15;0;34.3;26.7;19.9;61.3;9.6;2.8;
2023-12-16;0;33;23.5;19.9;78;15.9;3.7;
2023-12-17;2.4;33.1;25.1;18.2;65.1;8.3;3.2;
2023-12-18;0;32.3;23.6;18.3;71.5;14.8;3.2;
2023-12-19;1.4;29.5;23.4;18.9;77.1;11.8;3.7;
2023-12-20;null;27;null;17.9;74.1;11.1;5.2;
2023-12-21;0;28;22;17;69.1;12.1;4.3;
2023-12-22;0;30.7;null;17.4;70;7.3;2.6;
2023-12-23;null;26.8;20.2;16;81.9;20.4;3;
2023-12-24;.2;29.1;22.8;17.5;76.7;10.9;2.3;
2023-12-25;null;24.1;20.6;17.5;82;15.5;3.8;
2023-12-26;1.2;24.5;19.8;15.1;68;9.3;2.5;
2023-12-27;null;27.5;19.8;11.9;63.2;7.9;3.3;
2023-12-28;0;30.1;22.5;16.6;67.7;11;4.1;
2023-12-29;0;26.3;20.2;20.3;80.7;19.6;2.5;
2023-12-30;3;25.2;20;15.6;72;8.2;1.8;
2023-12-31;0;26.8;20.2;13.9;68.1;9.5;3;
2024-01-01;0;28.9;21.7;16.9;69.8;12.9;4.4;
2024-01-02;7.6;23.8;18.6;17.3;90;9.2;4.5;
2024-01-03;3.2;27.6;20.3;16.1;79;9.2;3.9;
2024-01-04;0;25.2;20;16.4;77;12;4.6;
2024-01-05;0;26.5;20.4;16.5;76.2;11.5;4.8;
2024-01-06;0;28.4;21.8;16.6;74.2;11.3;4;
2024-01-07;0;30.1;23.6;18.6;74.3;11.3;3.4;
2024-01-08;0;31.6;25.5;20.2;68;11.6;2.7;
2024-01-09;null;32;null;18.9;79;13.5;3.6;
2024-01-10;3.4;30.6;23.8;17.2;69.4;9.5;2.9;
2024-01-11;0;29.9;23.9;20.3;78.2;13.7;4.1;
2024-01-12;1.2;26.2;21.8;19.1;85.9;10.3;3.3;
2024-01-13;null;27.3;null;17.5;78.3;11.6;5.2;
2024-01-14;0;30.9;23.6;17.4;73.5;10.9;3.5;
2024-01-15;18.4;28.1;22.6;17.6;80.7;14.3;3.1;
2024-01-16;7.6;30;23.8;18;81.1;10.8;2.3;
2024-01-17;22.2;23.5;19.7;17.5;93.6;22.3;2.9;
2024-01-18;54.2;21;19.9;18.3;96.6;13.6;3.8;
2024-01-19;42.8;28;23.1;19.1;83.3;10.8;2.6;
2024-01-20;0;28;22.7;19.5;80.1;10.8;2.5;
2024-01-21;3.2;27.1;20.9;15.6;78.8;9.8;2.5;
2024-01-22;12.4;21.7;17.7;14.9;85.1;12.8;5.6;
2024-01-23;1.6;18.8;16.3;14.9;88.9;14.3;5.6;
2024-01-24;11.6;19.7;15;13.1;90;12;4.4;
2024-01-25;3.8;21.3;15.7;11.7;81.9;10;3.9;
2024-01-26;0;22.2;15.2;10.3;85.5;11.2;3.6;
2024-01-27;3.8;22;16.1;12.5;87.7;9.7;3.3;
2024-01-28;3.2;24.1;17.7;14.8;84;9.9;3.2;
2024-01-29;0;25.5;19.1;11.8;73.6;8.2;2.5;
2024-01-30;0;27.3;21.7;15.2;68;7.6;1.6;
2024-01-31;0;29.2;21.8;14;70.3;8.6;2.8;
2024-02-01;0;28.7;22.6;16.9;74.1;8.8;3.3;
2024-02-02;0;27.8;21.7;16.2;75.5;9.7;4;
2024-02-03;null;29.2;22.4;17;70.1;10;3.3;
2024-02-04;0;29.5;23.6;17.8;70.6;11.2;3.1;
2024-02-05;0;30.9;23.4;16.7;68.6;7.6;2;
2024-02-06;1.8;30.4;24.4;18.8;72.3;8.4;3.3;
2024-02-07;.2;30.4;22.7;19.3;80.7;15.2;2.9;
2024-02-08;null;31.4;null;16.8;71.4;10.5;3.3;
2024-02-09;0;30.6;23;19.3;80;13.4;3.5;
2024-02-10;.4;30.5;24;19.1;69.5;12;4.4;
2024-02-11;0;31.3;24.7;18.9;68.3;9;3.6;
2024-02-12;0;32.2;24.6;18.2;71.8;10.1;3;
2024-02-13;1.2;25.1;22.6;20.4;86.5;8.7;2.3;
2024-02-14;3;21.9;19.2;18.4;95.9;10.9;3.8;
2024-02-15;1.4;22;17.3;14.3;87.6;13.6;6.2;
2024-02-16;3;18.5;17.5;15.9;94.5;9.7;4.9;
2024-02-17;23;24.4;null;16.8;88.3;11.4;4.5;
2024-02-18;null;27.7;20.8;17;83;10.8;4.1;
2024-02-19;0;26.6;20;15.9;84.4;9.2;3.3;
2024-02-20;0;26.3;20.7;16.5;81.7;8.1;3.7;
2024-02-21;0;26.1;20.6;15.2;77;8.3;3.5;
2024-02-22;0;26.7;20.6;15.5;79.9;8.5;3.1;
2024-02-23;0;29;22.7;18.2;79.6;8.2;2.7;
2024-02-24;0;30.2;23.5;18.6;78.7;11.7;2.5;
2024-02-25;2;27.5;22.2;19.3;85.3;11.7;4.6;
2024-02-26;4;26.2;21.6;18.7;84.1;11.1;5.1;
2024-02-27;39;25.4;21;18.4;93.9;17.2;3.2;
2024-02-28;35.4;28.2;23;19.8;86.8;7.6;1.7;
2024-02-29;1.6;26.8;21.8;18.7;85.7;10.8;1.6;
2024-03-01;1.8;27.7;22.4;18.8;81.2;7;2.1;
2024-03-02;0;28.6;22.4;17.2;77.8;9.3;3.3;
2024-03-03;0;28.9;22.5;17.4;80;8.4;2.3;
2024-03-04;0;25.1;20.4;17;89.3;8.8;2.7;
2024-03-05;15.4;23.6;19.8;18.1;90;7.9;2.1;
2024-03-06;.4;25.7;19.5;15.9;86.7;8.9;3.8;
2024-03-07;0;26.3;20.5;17.6;85.9;9;4;
2024-03-08;8.8;21.3;19.9;18.6;94.7;10.9;3.5;
2024-03-09;34.4;26.9;21.5;19.3;91.9;8.1;2.4;
2024-03-10;3.4;27.3;21.8;18.6;80.1;9;1.9;
2024-03-11;0;28.8;21;15.5;74.3;9;3.2;
2024-03-12;0;29.8;22.1;16.2;72.3;9.6;3.3;
2024-03-13;0;31.4;22.6;15.7;71.9;8;2.7;
2024-03-14;0;30.5;23.5;16.2;66.9;7.5;2.3;
2024-03-15;0;29.4;24.3;17.7;61.7;7.8;1.9;
2024-03-16;1.6;30.6;null;19.9;83;12.6;2.7;
2024-03-17;14.8;24.5;20.7;17.8;86.9;13.9;2.2;
2024-03-18;0;29;23.1;17.9;78.9;8.2;2.6;
2024-03-19;6;26.2;21.4;18.5;87.6;10.2;2.4;
2024-03-20;0;30;22.7;18.4;83.7;8.7;3.1;
2024-03-21;17.8;25.2;20.5;15.6;87.5;null;null;
2024-03-22;1.6;21.7;17.9;14.5;84.2;7.6;3.2;
2024-03-23;0;21.6;15.9;10.5;76.5;15.4;6.6;
2024-03-24;0;23.9;18.1;14.6;80.3;13.4;4.7;
2024-03-25;.2;25.5;19.2;14.3;79.2;8;2.5;
2024-03-26;0;25.9;18.9;13.6;78.2;8.7;3.5;
2024-03-27;0;26;19.6;14.2;77.6;9.5;3.4;
2024-03-28;.2;26.4;20.4;16.1;78.1;7.9;2.9;
2024-03-29;0;26.8;19.8;16.2;79.3;7.2;2.4;
2024-03-30;7;27.1;20.5;15.6;76.5;8.4;2.8;
2024-03-31;.2;27.7;22.5;15.5;60.9;6.7;1.4;
2024-04-01;0;28.1;21.6;15.4;68;10.2;3.5;
2024-04-02;0;27.4;21.6;17.5;73.6;8.1;2;
2024-04-03;0;30.4;22.9;17.5;72.2;9.3;3.2;
2024-04-04;0;29.8;23.4;19.1;78;8;2.8;
2024-04-05;0;30.3;22.4;18.3;79.1;12.7;2.8;
2024-04-06;0;25.7;19.4;16.9;82.7;12.4;5.2;
2024-04-07;0;17.7;16.4;15.3;90.5;12.6;4.2;
2024-04-08;10.4;23.9;18.9;15.5;88.4;6.6;2.5;
2024-04-09;1.8;27;21.1;16.5;76.3;6.5;2;
2024-04-10;0;27.7;21;14.6;72.7;6.3;2;
2024-04-11;0;24.8;19.7;17.1;87.5;9.5;3.5;
2024-04-12;11.2;25.7;20;17.5;83.3;13.3;5.7;
2024-04-13;0;24.7;20.3;17.9;83;12.8;5.9;
2024-04-14;35.8;21.6;19.4;18.1;93.5;9.9;5.2;
2024-04-15;.2;22;19.6;18.4;92.9;10.4;4.7;
2024-04-16;12.2;21.4;19.9;19.1;93.6;13;4.3;
2024-04-17;26.4;19;16.1;13.2;81.9;10.8;2.9;
2024-04-18;0;20.7;14.7;10.4;66.6;10.5;2.3;
2024-04-19;0;24.1;15.5;7.2;62.1;7;3.1;
2024-04-20;0;25.2;16.2;9.2;70.1;10.6;3.6;
2024-04-21;.2;26.8;17.7;10.9;68.7;8.1;2.9;
2024-04-22;0;25.8;18.7;12;69.1;12.3;2.2;
2024-04-23;7;24.2;19;16;89;13.3;2.6;
2024-04-24;.4;22.7;18.6;15.1;89.5;5.1;1.6;
2024-04-25;.4;24.2;18.7;16.4;90.8;10.3;3.6;
2024-04-26;0;27.3;20.2;15.1;81.1;9.2;4.1;
2024-04-27;0;28.5;21.7;14.9;79.1;13.1;3.2;
2024-04-28;16.4;21.9;19.8;18.7;94.6;8.2;2;
2024-04-29;61;28.1;22;17.6;84.8;8.9;2.7;
2024-04-30;0;29.1;23.5;20.2;71.2;10.6;3;
2024-05-01;0;28.5;22.7;20.4;75.3;12;3.7;
2024-05-02;.4;23.4;19;18.2;89;13.6;3.5;
2024-05-03;127.2;18.6;16.9;16;93.9;13.1;3.5;
2024-05-04;22.8;21.9;18.3;16.4;94.4;10.6;2.8;
2024-05-05;12.2;27.9;21.5;16.6;77.3;9.9;3.5;
2024-05-06;0;27.9;21.3;16.1;70.3;12.7;2.9;
2024-05-07;0;27.7;21.1;14.4;69.8;8.2;2.3;
2024-05-08;0;27.7;22.5;17.3;67.9;13.6;3.9;
2024-05-09;1.8;23;17.3;15.5;97.6;9;2;
2024-05-10;3.2;24.5;20.1;15.7;86.6;12.9;3.5;
2024-05-11;.2;26.5;21.4;17.8;78.7;11.4;2.1;
2024-05-12;null;26.3;null;18.3;71.2;13.2;3;
2024-05-13;null;null;null;null;null;null;null;
2024-05-14;null;null;null;null;86.4;null;null;
2024-05-15;0;17.2;9.1;3.9;87.3;5.8;2.3;
2024-05-16;.4;20.6;15.9;5.5;90.7;7.1;2.5;
2024-05-17;4.2;18.3;15.7;13.7;93.8;8.2;1.8;
2024-05-18;4.2;15.3;14.1;13.6;98.7;6.6;1.4;
2024-05-19;28.6;15.6;12.5;10.8;97.4;9.2;3;
2024-05-20;1.4;15.5;10.4;7.2;85.2;7.2;2.5;
2024-05-21;0;23.4;14.6;7.2;82.5;9.1;4.7;
2024-05-22;.2;26.8;18.7;12.7;80.2;8.9;3.5;
2024-05-23;0;25.9;20.1;18.1;76.2;13.1;5;
2024-05-24;46.8;17.2;15;14.7;96.4;11.1;3.1;
2024-05-25;4.2;10.7;7.6;6.2;89.5;7.9;2.4;
2024-05-26;0;14;8.8;4.6;88.9;13.1;5.2;
2024-05-27;8.4;14.8;11.4;9.3;94.7;13.6;5.4;
2024-05-28;11.8;9.4;5.9;4.6;92.8;13.5;4.8;
2024-05-29;1;13.8;8.8;4.3;88.3;7.5;2.1;
2024-05-30;.2;16.5;9.1;1.4;82;5.2;2.4;
2024-05-31;.2;17.8;9.8;3.6;86;9.7;4;
2024-06-01;0;19.5;12.2;6.2;79;12.4;5.3;
2024-06-02;0;23;14.3;6.8;76.8;7.6;2.5;
2024-06-03;0;20.5;16.6;10.1;74.9;7.4;2.4;
2024-06-04;0;17.1;12.4;9.7;92;9.9;4.7;
2024-06-05;0;23.7;15.9;10.9;84.5;8.1;2.9;
2024-06-06;0;23.9;17.9;12.8;75.2;4.4;1.6;
2024-06-07;.2;23.4;18.1;14.3;63;6.2;1.9;
2024-06-08;0;22.8;17.1;10.9;73.9;9.2;3.1;
2024-06-09;0;24.8;17.9;12.1;74.4;9.1;2.9;
2024-06-10;0;25;19.6;14.8;70.6;11.1;2.6;
2024-06-11;0;25.5;20.6;17.4;63.2;10;2.3;
2024-06-12;0;23.6;17.7;11.6;70.8;8.4;2.3;
2024-06-13;0;25;18;10.3;68;9.5;3.4;
2024-06-14;0;25.8;19.4;12;55.7;11.2;3.6;
2024-06-15;0;25.2;19.5;16;68.1;14.3;3.3;
2024-06-16;.4;22.7;18.8;16.1;75.8;10.8;3.1;
2024-06-17;19;17.3;15.9;15.4;94.7;8.8;2.4;
2024-06-18;58;21.7;16.3;13;90.6;12.9;3.9;
2024-06-19;4.4;23.4;18.9;15.1;70.6;12.2;3.1;
2024-06-20;13.4;19.3;15.1;14.8;94.2;12.2;2.9;
2024-06-21;7.8;18.2;14.9;12.8;86.2;12.8;5.5;
2024-06-22;0;24.6;18.2;11.3;69.9;14.6;4.1;
2024-06-23;0;23.7;19.8;16.3;71.6;10.3;3.1;
2024-06-24;34.6;19.9;16.2;15.4;92.9;8.1;2.1;
2024-06-25;12.6;13.1;10.6;8.6;96.5;10.4;4.3;
2024-06-26;13.6;14.3;11.5;9.1;96.8;12.7;4.2;
2024-06-27;null;16.7;null;4.3;76.6;8.9;2;
2024-06-28;0;16.9;12;6.4;87.3;10.7;2.3;
2024-06-29;2.8;10.5;6.8;5.2;85.5;8.9;2.7;
2024-06-30;0;9.9;3.5;-1.3;67.2;6.2;1.3;
2024-07-01;0;18.6;8.5;-1.2;56.8;6.2;1.8;
2024-07-02;0;21.8;13.5;4.1;51.7;7;2.2;
2024-07-03;0;23.8;17.4;7.8;68.7;13.5;2.3;
2024-07-04;0;23.9;18.5;15.4;62.1;12.6;2;
2024-07-05;0;21.1;16.2;15.6;70.8;8.7;2.1;
2024-07-06;3.2;12.1;8.9;7;96.2;9;4.4;
2024-07-07;50.6;10.2;9.2;8.4;97.6;9.8;3.5;
2024-07-08;26.8;12;9.2;8.1;95;6;2.5;
2024-07-09;1.8;11.3;9.3;8.2;95.1;9.2;3.5;
2024-07-10;1.8;12.2;8.7;8;91.2;8.7;3.1;
2024-07-11;6.6;8.3;7;5.6;96;6.9;1.8;
2024-07-12;24.4;7.9;6.5;4.9;91.5;7.1;2.2;
2024-07-13;0;11.7;8.5;4.3;93.8;13.1;4.6;
2024-07-14;19.4;14.1;11.3;8.7;95.2;10.5;3.7;
2024-07-15;0;13.3;11;8.9;90.4;11.7;5.3;
2024-07-16;0;15.4;12.7;10.3;88.5;12.5;6;
2024-07-17;.4;19.3;14.1;10.9;87.8;9.8;3.3;
2024-07-18;0;21;15.4;11.1;76.9;6.7;1.8;
2024-07-19;0;22.2;14.3;6.3;75.7;6.5;2.4;
2024-07-20;0;21.9;14.8;8.2;76.8;7.1;3.4;
2024-07-21;0;22.2;13.9;6.1;69.3;8.3;3;
2024-07-22;0;22.6;16.9;9.7;59.7;5;1.6;
2024-07-23;0;23.7;15.4;7.8;66;12.4;4.3;
2024-07-24;0;23;16.5;9.2;59.9;12;3.8;
2024-07-25;0;23.9;18.2;12;56.3;11.9;2.6;
2024-07-26;0;25.2;19.7;14.9;55.8;8.2;2.2;
2024-07-27;0;20.5;17.3;13.1;68.4;5.6;1.8;
2024-07-28;.2;20.4;15.6;11.4;78.4;10.5;2.3;
2024-07-29;11.6;14.9;12.5;12.8;95.2;9.5;3.2;
2024-07-30;0;14.3;10.7;8.9;83.8;14.9;6.4;
2024-07-31;0;17.2;12.4;9.9;82.4;13.9;6.2;
2024-08-01;0;23;15.1;10.3;84.4;10.7;5.6;
2024-08-02;0;23.5;16.8;12.8;76;12.4;6.4;
2024-08-03;0;23.3;18.3;12.9;70.8;15.2;6;
2024-08-04;0;23.2;19.7;18.3;61.6;13.5;4.2;
2024-08-05;15.2;22.1;17.6;15.1;84.7;8.9;3.1;
2024-08-06;2.2;25.4;19.4;15.3;71.3;11;3.8;
2024-08-07;null;null;null;null;82.5;null;null;
2024-08-08;16.2;15.9;13.7;13.1;95.6;9.4;2.1;
2024-08-09;1;10.4;6;4;85.1;9.8;2.7;
2024-08-10;0;12;6.2;3.4;80.9;7.5;1.8;
2024-08-11;.2;12.9;7.9;4;69.5;10.7;3;
2024-08-12;0;9.9;5.9;1.7;69.5;11.9;3.3;
2024-08-13;0;15.8;6.2;-1.5;61.1;7.5;3.1;
2024-08-14;0;22.3;10.7;1.1;60.4;8.3;2.9;
2024-08-15;0;25.5;15.5;7;55.5;6.2;2.3;
2024-08-16;0;28.2;21.2;11.7;47.8;8.3;2.6;
2024-08-17;0;29.2;23.3;18.6;45;11.4;2.7;
2024-08-18;0;30.3;24;19.2;44;7.8;2.7;
2024-08-19;0;30.4;24.9;21;38.4;11.6;3;
2024-08-20;0;25.1;19.3;15.8;67.6;9.3;3.4;
2024-08-21;.2;25.9;18.8;14.6;73.1;13.2;6.6;
2024-08-22;0;28.6;19.5;15.8;65;15.2;5.8;
2024-08-23;7.4;14.3;10.9;10.8;90.3;11.6;2.7;
2024-08-24;null;9.6;null;7.8;94.9;10.4;null;
2024-08-25;2.8;8.6;4.1;.6;81;11.6;1.9;
2024-08-26;0;12.7;6;1.3;69.5;6.4;1.8;
2024-08-27;0;17.1;8.8;.4;63.9;7.3;2.8;
2024-08-28;.2;20.1;12.2;7.3;66.5;10.1;4.3;
2024-08-29;0;27.2;16.4;8.9;71.8;9.8;4.2;
2024-08-30;0;28.2;20.1;12.7;57.9;9.3;3.1;
2024-08-31;0;27.9;19.4;11.1;63.3;7.6;3.5;
2024-09-01;.2;18.3;14.8;12.1;83.9;11.7;3.4;
2024-09-02;0;22;13.1;6.8;70.5;7;1.9;
2024-09-03;0;29.3;19.8;8.6;55.9;12.9;2.6;
2024-09-04;0;30.4;19.4;12;66.2;15.8;4;
2024-09-05;14.6;14.2;11.6;9.6;89.3;9.5;3.5;
2024-09-06;.2;21.9;13.5;7.8;78.7;12.8;5.3;
2024-09-07;0;28;18.6;11.4;75.7;8.1;3;
2024-09-08;0;32.4;25.5;15.4;45.1;9;3;
2024-09-09;0;32.2;26.8;21.9;37.4;12.1;3.5;
2024-09-10;0;30.5;25.4;20.9;45.6;9.5;2.2;
2024-09-11;0;31.4;24.9;18.5;38.6;10;3;
2024-09-12;0;28.3;21.6;18.7;51.4;12.3;4;
2024-09-13;20.8;23;17.8;15;88;16.1;5.2;
2024-09-14;17.8;19.9;16.7;14.5;89;7.8;2.3;
2024-09-15;0;15.5;11.7;11;90.7;17.8;6.4;
2024-09-16;5.2;20.3;14.1;10.1;79.9;15.7;2.5;
2024-09-17;0;20.2;14.1;9.3;74;12;5.7;
2024-09-18;0;24.2;15.3;10.3;67.8;16.8;5.7;
2024-09-19;0;20.7;15.4;12.9;83.4;13.2;6.9;
2024-09-20;3.8;16.9;14.3;14;92.3;14.9;4.8;
2024-09-21;18.6;24.7;16.4;10.3;80.3;7.6;2.3;
2024-09-22;.4;30.1;20.9;12.5;74.2;6.9;2.8;
2024-09-23;0;30.4;24.5;18;71.4;7.2;2.7;
2024-09-24;0;31.9;23.8;17.7;68.2;10.8;4.5;
2024-09-25;0;32.7;24.6;16.6;62.5;9.8;3.3;
2024-09-26;1.2;24.2;18.8;18.1;89.6;12.2;4.4;
2024-09-27;17;20.8;15.8;12.3;82.2;9.2;2.9;
2024-09-28;0;24.5;16.3;9.6;72.1;9.3;3.5;
2024-09-29;0;28.8;18.1;10.1;64;9;4.2;
2024-09-30;0;30.6;20.6;13.1;67.3;13.1;5.4;
2024-10-01;0;32.3;25.3;18;51.2;16.6;4.3;
2024-10-02;31.2;25.9;17.4;15.8;94.8;16.6;3.9;
2024-10-03;23.2;18.6;14.3;10.3;89.9;8.9;3.7;
2024-10-04;0;21.1;14.2;9.2;80.4;10.5;5.5;
2024-10-05;0;25.7;16.3;9;69.8;11.6;4.6;
2024-10-06;0;25.6;18.1;11.6;72.9;9.4;3.1;
2024-10-07;0;21.6;16.5;14.3;82.8;14.5;5.7;
2024-10-08;1;20.2;16.1;13.8;91.3;10.2;4.1;
2024-10-09;11.2;17.4;16;15.7;96.6;11.6;5.1;
2024-10-10;21.8;18.5;15.3;13.2;89.8;14.1;6.7;
2024-10-11;24.6;19.4;17.2;14.6;95.1;11;3.4;
2024-10-12;10;22.7;18.3;15.6;84;8.5;2.2;
2024-10-13;0;25.4;18.2;12.7;74.2;11.4;5.5;
2024-10-14;0;22.4;16.7;12.3;76;12.8;6.3;
2024-10-15;0;20.8;15.8;13.8;86.6;13;5;
2024-10-16;2.4;25.5;18.7;13.8;76.6;15.2;2.2;
2024-10-17;0;28.3;19.9;13.8;65.3;9;3;
2024-10-18;0;25;19;15.6;79.3;9;3.1;
2024-10-19;2.8;17.9;16.3;15.4;84.9;13.4;4.6;
2024-10-20;0;23.8;16.9;11.9;75.1;16;6.8;
2024-10-21;0;26.3;19.6;15;76.8;13.2;6.3;
2024-10-22;0;29.7;22.7;16.3;72.8;9.1;3.3;
2024-10-23;4.4;25.1;20.8;19.1;88.3;10.5;3.5;
2024-10-24;3.2;27.6;20.1;18.1;84.7;17.2;3.7;
2024-10-25;24.2;24.4;18.3;13.2;74.5;10.5;3.1;
2024-10-26;.2;22.9;17.6;13.4;67.5;8.6;2.7;
2024-10-27;0;24.5;null;9.6;68.3;9;4;
2024-10-28;0;27.6;19.3;13.6;71.3;11.2;4.2;
2024-10-29;0;29;21.2;14.1;65.6;11.1;3;
2024-10-30;0;28.4;21.7;16.4;66.9;9.9;4.2;
2024-10-31;0;26.9;20.3;16.2;70.1;13.4;6.7;
2024-11-01;0;28;19.7;13.4;65;14.4;6.4;
2024-11-02;null;20.2;null;16.9;91.4;11.5;5.1;
2024-11-03;14.6;18.9;17.7;17.5;92.8;14.4;5.6;
2024-11-04;2.6;23;18.9;15;84.5;12.9;5.7;
2024-11-05;0;26.4;21.3;18.2;83.7;10.2;4;
2024-11-06;0;26.4;21.2;17.6;81.9;9.7;4.4;
2024-11-07;44.8;27.2;20;16.6;85.4;13.7;3.2;
2024-11-08;1;23.3;18.9;16.4;81;10.7;3.4;
2024-11-09;0;25.3;16.9;9.4;68;9.4;2.4;
2024-11-10;0;27.7;20;14.1;73.5;9.9;3.8;
2024-11-11;0;29;21.4;15.1;71;11.6;3.9;
2024-11-12;5.2;20.1;15.2;12.3;76.7;12.1;2.3;
2024-11-13;0;22;15.3;8.6;54.7;6.7;1.9;
2024-11-14;0;24.7;17;11.1;70.4;10;4.2;
2024-11-15;0;25.7;18.6;13.5;72.3;11.4;5.5;
2024-11-16;0;28.6;21.2;16.1;71.8;12.6;5.7;
2024-11-17;0;31;23.4;18;62.7;11.9;4;
2024-11-18;0;29.4;null;17.6;70.8;7.9;2.3;
2024-11-19;.2;25.7;21;18.7;86.1;9.7;4.1;
2024-11-20;9;25.6;19.3;17.5;91.2;10.7;3.9;
2024-11-21;3.2;19.9;16.3;14.2;86.3;15.2;7.4;
2024-11-22;2.2;21;17.2;15.6;89;13.4;5.4;
2024-11-23;7.2;24.6;18.3;15;82.1;11.5;5.8;
2024-11-24;0;25.7;18.9;14.9;72.1;13.7;6.2;
2024-11-25;0;27.3;19.4;11.7;67.5;11.9;4.3;
2024-11-26;0;29;22.3;15.7;61.4;9.4;3;
2024-11-27;0;30.7;21.9;16.5;71.9;17.3;3;
2024-11-28;35;25.7;20.8;18;86.2;10.1;2.1;
2024-11-29;.2;27.4;22.4;17.9;78.4;9.8;3;
2024-11-30;.2;29;23.4;17.9;73.5;6.6;1.7;

